Lista de palavras de sentido negativo,Lista de palavras de sentido positivo
anormal,capaz
abolir,abund�ncia
abomin�vel,acelerar
abominavelmente,aceitar
abominar,aclama��o
abomina��o,elogio
abortar,concluir
abortado,acordo
abortos,credenciado
abreto,acumular
abrasivo,�s
abrupto,alcan�ar
abruptamente,A��o
fugir,ativar
aus�ncia,ativo
distra�do,adicionar
ausente,Adi��o
absurdo,adepto
absurdo,admir�vel
absurdamente,ador�vel
absurdo,avan�ar
Abuso,vantagem
abusado,aventura
abusos,af�vel
abusivo,afirmar
abismal,eterno
abismalmente,concordar
abismo,agrad�vel
acidental,ajuda
ACOSTO,mirar
amaldi�oado,Alacritidade
acusa��o,alerta
Acusa��es,desembarque
acusar,vivo
acusa,todos
acusando,altru�sta
acusadoramente,sempre
acerbate,surpreender
Acerbic,espanto
acerbicamente,incr�vel
dor,ambi��o
ACENDO,am�vel
dores,amizade
dolorido,divertir
acre,um novo
acridadamente,anjo
acrididades,atraente
acrimonious,aplaudir
acrimoniosamente,apreciar
Acrimonia,aprovar
diamante,despertar
adamamente,arte
viciado,como
viciado,subir
viciante,aspirar
viciados,Consent
admoestar,afirmar
Advertido,assist�ncia
admoestamente,associado
advert�ncia,assegurar
admoesta��o,Astir
adulterar,espanto
adulterado,atingir
adultera��o,tentar
contradit�rio,aten��o
advers�rio,atencioso
desfavoraveis,atestar
adversidade,atra��o
aflito,atributo
afli��o,ATUNO
Afflictive,aumentar
afronta,auspicioso
com medo,aut�ntico
agravar,dispon�vel
agravante,�vido
agravamento,acordado
agress�o,pr�mio
agressivo,consciente
agressividade,inundado
agressor,incr�vel
afligir,Sim
prejudicado,voltar
horrorizado,equil�brio
agonias,equilibrado
agonizar,Beatific
agonizante,beatificar
agonizantemente,beatitude
agonia,beau
encalhado,bela
todos,lindo
doente,embelezar
doen�a,beleza
sem objetivo,tornar-se
alarme,fazer amizade
alarmado,come�ar
alarmante,come�o
assustadoramente,ser
alienar,cren�a
alienado,acreditar
aliena��o,amado
alega��o,b�n��o
alega��es,benef�cio
alega,ben�fico
al�rgico,beneficiar
alergias,benevolente
alergia,melhor
distante,conceder
alterca��o,aposta
ambiguidade,melhorar
amb�guo,melhoramento
ambival�ncia,al�m
ambivalente,grande
emboscada,Com um grande cora��o
errado,Bijou
amputar,p�ssaro
anarquismo,explos�o
anarquista,aben�oar
anarquista,aben�oado
anarquia,b�n��o
an�mico,b�n��o
raiva,feliz
com raiva,florescer
Angilidade,florescendo
nervoso,florescer
ang�stia,audacioso
antipatia,bomb�stico
aniquilar,genu�no
aniquila��o,Bonanza
irritar,liga��o
aborrecimento,Bonny
aborrecimentos,b�nus
incomodado,estrondo
chato,impulsionar
irritantemente,abundante
irrita,recompensa
an�malo,caixa
anomalia,inteligente
antagonismo,novo em folha
antagonista,corajoso
antag�nico,bravura
antagonizar,bravo!
anti,avan�o
anti-ocupa��o,tirar o f�lego
anti-prolifera��o,brilhante
anti-social,iluminar
anti-EUA,Brill
Anti-branco,brilhante
antipatia,Brisk
antiquado,rapidamente
Antit�tico,borbulhante
ansiedades,Budbing
ansiedade,companheiro
ansioso,construir
ansiosamente,otimista
ansiedade,persuadir
ap�tico,calma
apateticamente,calmante
apatia,calmamente
apocalipse,calma
apocal�ptico,campanha
apologista,ativista
apologistas,pode
assustador,pode fazer
chocado,Candescente
assustador,sincero
assustadoramente,sinceramente
apreens�o,candura
apreens�es,doce
apreensivo -depreciativo,Cannily
arbitr�rio,Sal�o
Arcano,cantina
arcaico,capacidade
�rduo,capaz
arduamente,com capacidade
argumentativo,espa�oso
arrog�ncia,capital
arrogante,capit�o
arrogantemente,cativar
envergonhado,cativante
asinino,Cuidado
asininamente,cuidei
Ask�ncia,carreira
difamar,despreocupado
aspers�o,despreocupa��o
aspers�es,cuidadoso
assalto,com cuidado
assassino,cuidado
assassinar,car�cia
assalto,zelador
desviado,cuidadoso
aus,dinheiro
atroz,casual
atrocidades,casualmente
atrocidade,catalisador
atrofia,pegar
ataque,Catching
ataques,cativante
audacioso,causa
audaciosamente,comemoro
aud�cia,c�lebre
aud�cia,celebra��o
austero,Celebrador
autorit�rio,comemorativo
autocrata,celebridade
autocr�tico,celestial
avalanche,Centro
avareza,centrado
avaro,central
Avariciosamente,CEO
vingar,certo
Avessa,certamente
aversowful,certeza
horr�vel,Presidente
horr�vel,campe�o
muito,campe�o
terr�vel,chance
estranho,mudar
constrangimento,mut�vel
AxabysMalAdversArminganGryannoyanxiousApathyAptalingatrocious,imut�vel
balbuciando,acompanhante
Backged,carisma
madeira traseira,carism�tico
sert�o,caridade
dor lombar,caridade
dores nas costas,charme
Backachesbackbite,Encantado
Backbite,encantador
backbiting,encantador
para tr�s,encantadoramente
atraso,casto
Atraso emwarnessbackwoods,barato
para tr�s,atrevido
sert�o,alegrar
bact�rias,alegre
ruim,alegremente
seriamente,alegria
confuso,torcendo
confuso,Cheerio
confuso,sa�de
desconcertante,alegre
isca,qu�mica
Balk,estimar
banal,querubim
Bane,chique
banir,chefe
banimento,chefe
falido,crian�a
b�rbaro,infantil
b�rbaro,infantil
Barbaricamente,da crian�a
barb�rie,Chipper
b�rbaro,chilro
b�rbaro,alegre
est�ril,cavalheiresco
infundado,Cavalaria
Bash,escolha
criticado,escolher
Bashful,chortle
atacando,escolhido
Desgra�ado,risada
bastardos,amigo
batido,Droso
bateding,Cincha
Batty,Civic
Bawl,Civil
grosseiro,civilidade
bestial,civilizar
Bedlam,civilizado
Bedlamita,clarividente
sujar,clareza
implorar,cl�ssico
mendigo,cl�ssico
mendigo,elegante
implorando,Claus
begile,limpar
ridicularizar,limpeza
tardio,limpo
Sincerra,claro
RELECE,claro
menosprezar,cabe�a clara
menosprezado,claramente
Menosprezando,Clebrant
belicoso,clem�ncia
beliger�ncia,clemente
beligerante,esperto
beligeentemente,inteligentemente
Bemoan,intelig�ncia
lamentando,fechar
confuso,de perto
dobrado,proximidade
repreender,coequal
BEAVER,convincente
LIGADO,conhecimento
desprovido,ciente
Berserk,coeso
BESECH,Collabolator
cercado,colabora��o
sitie,Colaborativo
Besmirch,colaborador
bestial,garantia
trair,colega
trai��o,coletivo
trai��es,colecionador
traidor,combina��o
traindo,Atraente
trai,conforto
lamentar,confort�vel
cuidado,Consolador
confuso,confort�vel
confuso,quadrinho
desconcertante,c�mico
desconcertantemente,comandante
perplexidade,comandante
enfeiti�ar,elogiar
vi�s,louv�vel
enviesado,louv�vel
preconceitos,recomendador
brigando,compromisso
brigando,empenhado
Rigging de lances,comunh�o
fan�gicas,comunidade
intoler�ncia,compactar
Bird-Brain,compactado
cadela,companheiro
Bitchy,companhia
mordida,empresa
corajoso,compaix�o
amargo,compassivo
amargamente,atraente
amargura,complemento
bizarro,completo
Blab,completamente
Blabber,elogio
chantagem,compor
bl�,compreens�o
culpa,compreensivo
culpado,concentrado
brando,concentrado
branda,concentra��o
blasfemar,show
blasfemo,conciliar
blasf�mia,concilia��o
jateada,Conciliat�rio
flagrante,conciso
descaradamente,conclusivo
Blather,conclusivamente
Destacado,concord�ncia
Destacado,concordante
desolador,concreto
sangrar,CONDOLE
sangramento,p�sames
sangramentos,condutor
defeito,confidente
cego,confiar
cegando,confian�a
cegamente,confiante
lado Cego,confirme
bolha,confirma��o
Blistering,agrad�vel
Blizzardy,parab�ns
inchado,felicitar
bloqueio,Parab�ns
est�pido,congruente
derramamento de sangue,conjun��o
sanguin�rio,conectar
sangrento,conectado
manchado,conex�o
soprar,conex�o
erro,conhecedor
erros,conquistar
erros,conquista
cego,consciente
borr�o,consci�ncia
borrado,consensual
desfocar,conseq�ente
emba�ado,considerar
borr�es,atencioso
Blurt,consiste
Galando,consist�ncia
BOGGLE,consistente
falso,consistentemente
ferver,constante
ebuli��o,constantemente
Boisterous,construtivo
bombear,c�nsul
bombardear,consultor
bombardeamento,contente
bomb�stico,contente
escravid�o,contentamento
Bokers,contraste
grosseiro,contribuir
calibre,contribui��o
entediado,contribuinte
t�dio,ao controle
Bores,conveni�ncia
tedioso,conveniente
mand�o,convenientemente
estragar,familiarizado
irm�o,conversa��o
incomodado,conversar
incomodando,converter
incomoda,convertido
inc�modo,comunicar
Bowdlerize,convic��o
boicote,convencer
fanfarr�o,convincente
Brager,conv�vio
sem c�rebro,conv�vio
lavagem cerebral,legal
Brash,de cabe�a fria
Brashly,colaborar
ousadia,coopera��o
pirralho,cooperativo
bravata,copac�tico
bronzeado,lidar
descaradamente,abundante
Brazid�o,cordial
viola��o,Cordialmente
quebrar,Pilar
romper,corpora��o
quebras,correto
discrimina��o,corretamente
quebra,Coruscant
rompe,c�smico
romper,custo-beneficio
rompimentos,aconchegante
suborno,poderia
enxofre,conselho
p�los,conselheiro
fr�gil,coragem
quebrado,corajoso
quebrado,corajosamente
cora��o partido,cort�s
ninhada,cortesia
intimidar,cortes�o
hematoma,pacto
machucado,recatado
contus�es,t�mido
contus�es,aconchegante
brusco,rachadura
brutal,Crackerjack
brutalidades,arte
brutalidade,artes�o
brutalizar,artesanato
brutalizando,Cratfy
brutalmente,creme
bruto,cremoso
brutal,criar
fivela,cria��o
erro,criativo
Bugging,criatividade
Buggy,O Criador
insetos,cr�dito
Bulimia,credencial
mais volumoso,credibilidade
Bulgendiness,cred�vel
volumoso,cr�dito
touro****,Credit�vel
agressores,equipe
touros,multid�o
touros..t,Please da multid�o
besteira,Crowd-Puller
valent�o,crucial
ass�dio moral,cristal
intimamente,claro como cristal
touro--,cristalizar
vagabundo,pepino
ressalto,abra�ar
esbarrado,Cuddlesome
batendo,fofinho
solavancos,culminar
protuber�ncia,culmina��o
estragar,cultural
trapalh�o,cultura
Bungling,cultivo
beliche,ardiloso
fardo,astuciosamente
oneroso,cupido
onerosamente,curador
queimar,cura
queimado,cura-tudo
queimando,curiosidade
queimaduras,curioso
busto,atual
Bustos,curvil�neo
ocupado,almofada
a�ougueiro,confort�vel
a�ougue,bonitinho
zumbindo,da
bizantino,guloseima
cache,embalar
Cagey,d�ndi
calamidades,Danke
calamitoso,Danken
calamitosamente,Dapper
calamidade,audaz
calculando,ousadamente
insens�vel,querido
calunia,correndo
cal�nia,Drazless
calunias,deslumbrar
calunious,deslumbrado
caluniosamente,deslumbrante
cal�nia,morto
n�o pode,barato morto
C�ncer,Dead-on
canceroso,querido
canibal,Debonair
canibalizar,dec�ncia
capitular,decente
caprichoso,decisivo
caprichosamente,decisividade
caprichoso,decoroso
virar,dedicada
descuidado,dedutivo
descuido,profundo
caricatura,derrota
carnificina,derrotando
carpa,defensor
Cartoonish,defer�ncia
sem dinheiro,definido
castigar,definitivo
castrado,h�bil
acidente,Deat�vel
cataclismo,deliberar
cataclismo,delicadeza
catacl�smico,delicado
cataclismicamente,delicioso
cat�strofe,del�cia
Cat�strofes,prazer
catastr�fico,encantado
catastroficamente,delicioso
c�ustico,deliciosamente
causticamente,delicadeza
advert�ncia,Deluxe
caverna,democr�tico
censura,demonstrativo
cafeteira,demulcente
palha,Deo-gratias
desgosto,Deo-Volente
desafiante,confiabilidade
caos,confi�vel
ca�tico,confi�vel
castigar,merecidamente
castigar,merecedor
castigo,desej�vel
conversa,desejo
tagarela,desejado
barato,desejando
baratear,desejo
barato,destinada
trair,destino
enganado,determina��o
trapaceiro,determinado
trapaceando,desenvolvido
Cheats,em desenvolvimento
quadriculado,dedicado
triste,devo��o
brega,Devocional
CHIDE,devoto
infantil,destreza
frio,Dexteroso
frio,destro�os
chintzy,dial�tica
estrangular,diamante
col�rico,did�tico
agitada,Diddums
tarefa,duro de Matar
cr�nica,diferente
gordinho,digno
Chunky,dignificar
clamor,dignidade
clamoso,dilig�ncia
choque,diligente
Clique,diligentemente
entupir,dinger
entupido,Dinkum
tamancos,mergulhar
nuvem,diplom�tico
nublado,direto
nublado,muito barato
desinformado,desarmamento
desajeitado,Desembarde
desajeitado,discernir
grosso,disciplina
convencido,disciplinado
coagir,descoberta
coer��o,discreto
coercitivo,crit�rio
frio,discriminador
cora��o frio,desapaixonado
friamente,distinto
colapso,distin��o
COLUE,distintivo
conluio,distinto
combativo,diversificado
combust�o,diversificado
c�mico,diversidade
Comiserate,desviando
comum,divino
como��o,divinamente
como��es,divindade
complacente,divinizar
reclamar,fact�vel
reclamou,Doddle
reclamando,boneca
reclama,dolly
reclama��o,dominante
queixas,dominar
complexo,doar
complicado,doa��o
complica��o,Doozy
c�mplice,droga
compuls�o,Doss
compulsivo,DOTE
conceder,pontilhando
concedido,pontilhamente
presun��o,sem d�vida
pretensioso,valente
preocupa��o,Dovelike
preocupado,com os p�s no ch�o
preocupa��es,Downy
concess�o,sonhar
concess�es,terra dos sonhos
condenar,sonhadores
conden�vel,vestir
condena��o,elegante
condenado,dirigir
condena,dirigido
condescend�ncia,dirigindo
condescendente,derrubar
condescendente,Ducky
condescend�ncia,cara
confessar,devido
confiss�o,doce
confiss�es,estupefato
confinado,dumbfounding
conflito,Prof�rico de Dummy
conflito,dur�vel
conflitante,Duto
conflitos,obediente
confundir,obriga��o
confuso,din�mico
confundindo,dinamite
enfrentar,ansioso
confronto,ansiosamente
confronto,ansiedade
confundir,orelha
confuso,cedo
confunda,ganhar
confuso,EILEST
confus�o,sinceramente
Confus�es,sinceridade
congestionado,facilidade
congestionamento,facilitado
contras,facilmente
conservador,f�cil
consp�cuo,male�vel
conspicuamente,mole-mole
conspira��es,Easy-street
conspira��o,f�cil de alcan�ar
conspirador,f�cil de entender
conspirat�rio,f�cil de usar
conspirar,Ebullience
consterna��o,Ebullient
transmiss�vel,EXCULIALIDADE
contaminar,ECHT
contaminado,ecl�tico
contaminados,ecol�gico
contaminando,Eco-guerreiro
contamina��o,econ�mico
desprezo,econ�mico
desprez�vel,economicamente
desprezo,economizar
desprezomente,�xtase
competir,Ecst�tico
conten��o,em �xtase
contencioso,�den
contorcer,nervoso
contor��es,edificado
contradit�rio,edificar
contradi��o,edificante
contradit�rio,educar
contrariedade,educado
contr�rio,Educa��o
Contravene,educacional
inventar,EDUCE
inventado,eficaz
controverso,efetivamente
controv�rsia,eficaz
complicado,Effendi
corroer,efervescente
corros�o,eficaz
corros�es,efici�ncia
corrosivo,eficiente
corrupto,eficientemente
corrompido,esfor�o
corrup��o,sem esfor�o
corrup��o,sem esfor�o
corrompido,Efulgente
mais caro,efus�o
dispendioso,efusivo
contraproducente,efusivamente
contraproducente,efusividade
Coveta,igualit�rio
covarde,flagrante
covardemente,Einstein
Crabby,Eir�nico
rachadura,elaborar
rachado,Elan
rachaduras,elate
astuciosamente,exaltado
CrandilyCrafty,entusiasmado
astuto,elating
c�ibra,alegria
apertado,el�trico
c�licas,eletrificar
irritadi�o,eletrizante
besteira,Elemossin�rio
porcaria,eleg�ncia
craps,elegante
colidir,elegantemente
travou,elevar
acidentes,eleg�vel
travando,elite
Crass,elixir
covarde,elocu��o
Cravenly,Elohim
mania,fugir
loucamente,eloqu�ncia
loucura,eloquente
louco,Eloquentemente
ranger,elucidar
rangendo,emancipar
rangers,emancipa��o
cr�dulo,emancipat�rio
rastejar,embelezar
rastejando,emblazon
arrepio,encorajar
repugnante,embalagem
Crept,emergente
crime,em�rito
Criminoso,emin�ncia
desgosto,eminente
Cringed,emiss�es
se encolher,emoliente
aleijado,emo��o
aleijado,emp�tico
aleijados,emp�tico
aleijante,Simpatize
crise,empatia
cr�tico,�nfase
cr�tico,enfatizar
cr�tica,enf�tico
cr�ticas,empreg�vel
criticar,empoderamento
criticado,capacitado
criticando,empoderador
cr�ticos,fortalecimento
Cronyismo,Empyreal
trapaceiro,habilitar
torto,enamour
bandidos,apaixonado
superlotado,apaixonado
aglomera��o,encantar
bruto,encantado
cruel,encantador
cruel mais,encantadoramente
mais cruel,encomiasta
cruelmente,Encore
crueldade,encorajar
crueldades,encorajamento
crueldade,encorajando
desmoronar,Encorajadoramente
em ru�nas,cume
Crime,cidido
Crumple,cativante
amassado,carinho
Mumples,empreendimento
crush,empreendedor
esmagado,sem fim
esmagando,endossar
chorar,endossado
culp�vel,endosso
culpado,dotar
pesado,dotado
boceta,aguentar
Cunts,duradouro
xingamento,en�rgico
amaldi�oado,energizar
maldi��es,energizando
Curt,energia
xingue,energia eficiente
xingado,economia de energia
Cutthroat,ENFETE
corte,envolver
c�nico,noivo
cinismo,noivando
Daft,absor��o
Daimon,cativante
dano,melhorar
danificado,aprimorado
danos,Aprimoramento
prejudicial,aproveitar
droga,agrad�vel
conden�vel,divertido
conden�vel,curtiu
condena��o,desfrute
condenado,prazer
Direito,iluminar
amortecedor,iluminado
perigo,esclarecedor
perigoso,ilumina��o
perigosidade,Alistar -se
Dank,animar
Dantean,animado
temer�rio,animando
escuro,enobrecer
escurecer,ennobrado
escurecido,enorme
mais escura,suficiente
escurid�o,Insprado
maldito,enriquecer
covarde,extasiado
covarde,Frenda
DAUNT,enriquecer
assustador,Enriquecedor
assustadoramente,enriquecedor
DAWDLE,enriquecimento
atordoado,Conshrine
Dazed,Ensorcell
morto,garantir
Deadbeat,empreendimento
impasse,empreendedor
mortal,entreter
peso morto,divertido
surdo,entretenimento
escassez,encantar
morte,encantado
fiasco,fascinante
Debase,entrone
degrada��o,entusiasmo
Debaser,entusiasmo
discut�vel,entusiasta
debuch,entusiasmado
debucher,com entusiasmo
devassid�o,atrair
debilitar,seduzir
debilitante,atraente
debilidade,inteiro
d�vida,Entrada
d�vidas,entrando
decad�ncia,confiar
decadente,confiado
decair,enunciar
deteriorado,invej�vel
em decomposi��o,invej�vel
engano,�pico
enganoso,epigramm�tico
enganosamente,Epifania
engano,resumo
enganar,epitomizar
enganador,equ�vel
enganadores,igual
enganando,igualdade
decep��o,equalizado
enganoso,igualmente
enganosamente,equil�brio
declamar,Epondanderant
decl�nio,equipado
declina,Equitativo
declinante,equidade
decremento,equivalente
decr�pito,ergon�mico
decrepitude,Erog�nico
acenar,erudito
difama��o,escapada
difama��es,especial
difamat�rio,Espirit
difamar,ess�ncia
defeito,essencial
defeituoso,estabelecer
defeitos,estabelecido
defensiva,estima
desafio,estimado
desafiador,eterno
desafiadoramente,et�reo
defici�ncias,�tica
defici�ncia,�tico
deficiente,elogiar
desfiladeiro,eufonia
Defilador,euforia
deformar,euforo
deformado,euf�rico
fraudar,euforicamente
extinto,Eureka
desafiar,evangelista
degenerar,at�
degeneradamente,imparcial
degenera��o,agitado
degrada��o,Evergreen
degradar,eterno
degradante,sempre
degradavelmente,evidente
desumaniza��o,evocativo
desumanizar,evolu��o
digna,evoluir
Dejetivo,evoluindo
desanimado,exato
desanimado,exaltar
Deje��o,exalta��o
atraso,exaltado
atrasado,ultrapassarem
atraso,excedendo
atrasos,extremamente
delinqu�ncia,Excel
delinquente,excel�ncia
delirante,excelente
del�rio,excelentemente
iludir,excepcional
iludido,excepcionalmente
dil�vio,excitar
ilus�o,excitado
ilus�rio,animadamente
ilus�es,excita��o
exigente,excitante
humilhado,emocionante
humilhante,exclusivo
demente,executivo
Demential,exemplar
morte,exemplar
demolir,exaustivo
demolidor,animado
dem�nio,emocionante
demon�aco,divertido
demon�aco,alegria
demonize,exonero
demonizado,ex�tico
demoniza,expansivo
demonizando,expectante
Demonologista,acelerar
desmoralizar,expedito
desmoralizante,rapidamente
desmoralizante,com experi�ncia
nega��o,especialista
negado,per�cia
nega,habilmente
denegrir,express�o
denunciar,expressivo
denso,ex�tico
dente,requintadamente
amassado,extenso
dentes,EXTOL
denunciar,extraordin�rio
den�ncia,extraordin�rio
den�ncias,exuber�ncia
negar,exuberante
negando,exuberantemente
esgotar,exalar
deplor�vel,exulta
deplor�vel,exultante
deplore,exulta��o
deplorando,exulamente
deploradoramente,atraente
depravar,olho
depravado,fab
depravadamente,fabuloso
depreciar,fabulosamente
deprimido,facial
depressivo,f�cil
deprimente,facilitar
deprimente,facilitador
depress�o,factual
depress�es,facultativa
depressivo,Fain
privar,justo
privado,com justi�a
ridicularizar,justi�a
esc�rnio,f�
derisivo,fiel
ironicamente,fielmente
derisividade,fidelidade
Derogat�rio,fama
profanar,famoso
deserto,fam�lia
deser��o,famoso
dessecar,famoso
dessecado,f�
desolado,mais extravagante
desolada,chique
desola��o,fanfarra
desespero,fantasiar
desesperado,fant�stico
desesperadamente,fantasticamente
desesperado,distante
desesperadamente,Limite-se
desespero,muito m�ope
desprez�vel,tarifa
desprez�vel,fascinar
desprezo,fascinante
desprezado,fascinantemente
apesar,fascina��o
apesar,elegante
Despoil,na moda
despoiler,Fashionista
des�nimo,r�pido
des�nimo,pista r�pida
desanimado,ritmo acelerado
desanimado,faixa r�pida
d�spota,o mais r�pido
desp�tico,Feliz
despotismo,rapidez
destitu�do,paternal
Manuten��o,impec�vel
destruir,Fauntleroy
destruidor,Favorito
destrui��o,Favor
destrutivo,favor�vel
Desult�rio,favorecido
destacado,favorito
Deter -se,destemido
deteriorar,destemidamente
deteriorando -se,vi�vel
deteriora��o,vi�vel
dissuasor,celebra��o
detestar,fa�anha
detest�vel,recurso
detest�vel,rico em recursos
detestado,febril
detestando,fecundo
detesta,fecundar
prejudicar,se sentir bem
prejudicado,felicitar
prejudicando,feliz
Detrra��o,felicidade
prejudica,sentimento amig�vel
detrimento,comunh�o
prejudicial,fertil
Deted,fervoroso
devastar,fervorosamente
devastado,fervoroso
devastas,fervorosamente
devastador,fervor
devastadoramente,Festal
devasta��o,festival
divergente,festivo
desviar,festividade
desvio,buscar
diabo,Fete
diab�lico,FETE-CAMPETRE
diabolicamente,Fete-galante
Diabo,febre
diabrura,febre
desonesto,febre
Deviosamente,Fey
desonesto,fidelidade
desprovido,fidus-acates
diab�lico,Fiesta
diab�lico,Fiting de luta
diabolicamente,multar
diametralmente,bem-bom
diatribe,afinar
ataques,finamente
Dick,Finesse
ditador,melhor
ditatorial,empresa
morrer,primeiro
duro de Matar,primeira classe
morreu,primeira classe
morre,ajustar
dif�cil,apropriado
dificuldades,cinco
dificuldade,cinco estrelas
desconfian�a,extravagante
dilapidado,clar�o
dilema,bajular
Dilly-Dally,lisonjeado
escurecido,lisonjeiro
Diferente,lisonjeira
diminu�do,saboroso
obscuro,perfeito
ding,perfeitamente
Dings,fugiu
Dingy,frota
Dinky,flexibilidade
dippy,flex�vel
terr�vel,florescer
terr�vel,florescente
diretamente,flor
Diretura,fluente
sujeira,fluentemente
sujo,rubor
desativar,vibrar
desabilitado,voar
desacordo,foco
desvantagem,focado
desfavorecido,Alegria
desvantajoso,com carinho
Desvantagens,gostando
descontente,infal�vel
descontente,descomprometido
descontente,para
discordar,s�rio
desagrad�vel,for�a
desagradavelmente,for�a
discordou,principal
discordando,prever
desacordo,previs�o
discorda,previu
proibir,para sempre
decepcionar,perdo�vel
desapontado,perdoar
decepcionante,perd�o
decepcionantemente,perdoador
desapontamento,formal
decep��es,formid�vel
decepciona,franco
desaprova��o,fortificado
desaprova��o,fortalecer
desaprovar,fortificando
desaprovando,Fortitude
desarmar,fortuito
desordem,fortuamente
desastre,afortunado
desastroso,felizmente
desastrosamente,fortuna
negar,avan�ar
negar,com pensamento avan�ado
descren�a,Foxy
descren�a,perfumado
descrente,Frank
negar,fraterno
Descombobulado,livre
Desconfit,Esp�rito livre
DiscomfitDiscomfort,libertado
desconforto,liberdade
descompor,liberdades
desconcertar,fresco
desconcertado,amigo
desconcertante,amizade
desconcertantemente,amig�vel
desconsolado,amizade
desconsolada,Fringe-Benefit
Desconsolo,Frisk
descontentamento,Frisky
descontente,frisson
descontente,Fr�lico
interrompido,Frolicsome
descontinuidade,primeira p�gina
descont�nuo,Principal
disc�rdia,frugal
discord�ncia,frut�fero
discordante,ftw
desconto,completar
desencorajar,realizada
des�nimo,satisfat�rio
desencorajando,cumprimento
desanimadoramente,fulgent
descort�s,completo
desanimado,com sangue total
desacreditar,marcas completas
discrepante,completamente
discriminar,fulsome
discriminador,divers�o
discrimina��o,fundamental
discriminativo,Angaria��o de fundos
discriminat�rio,Funfair
desd�m,Funky
Desdeia,engra�ado
desdenhoso,� prova de futuro
desd�m,f�ilte
doen�a,Gad
desencantado,morda�a
desengatado,alegria
desfavor,alegremente
desgra�a,ganho
desonrado,ganhou
vergonhoso,lucrativo
vergonhosamente,lucralmente
descontente,ganhos
desapontado,gala
nojo,Galahad
com nojo,Gale
repugnantemente,Galibi
desgostoso,galante
repugnantemente,galantemente
nojento,galanteria
repugnantemente,vagabundear
desanimado,Gallus
desanimador,abund�ncia
desanimadoramente,galvanizar
desgrenhado,jogo
desonesto,plano de jogo
desonestamente,Jogos
desonestidade,Gamine
desonra,gangbuster
desonroso,Roma
desilus�o,gigantesco
desiludido,fest�o
Desilus�o,"guarni��o, enfeite, adorno"
Desilus�es,gastronome
desinclina��o,gastronomia
n�o inclinou,gay
falso,geek
desorpenuamente,gema
desintegrar,gerar
desintegrado,generatividade
se desintegra,generosidade
desintegra��o,generoso
desinteresse,generosamente
desinteressado,genial
n�o praticante,g�nio
antipatia,Gentil
n�o gostei,gentil
n�o gosta,Gentlefolk
n�o gostando,cavalheiro
deslocado,cavalheiro
desleal,gentil
deslealdade,genu�no
sombrio,Germanina
sem fatura,chegar ao inativo
Decunda��o,Gettable
des�nimo,getter
consternado,vertiginoso
desanimado,presente
desanimadoramente,dotado
desdenhoso,risadinha
com demiss�o,rindo
desobedi�ncia,dourar
desobediente,ruivo
desobedecer,cuidadosamente
transtorno,namorada
desordenado,ess�ncia
desordenado,dar
desorganizado,dando
desorientar,alegre
desorientado,trapos alegres
Denem,alegrar
DISPARAGEM,Gladhand
deprecia��o,de bom grado
depreciativamente,alegria
desigual,glamour
desapaixonado,glamour
dispens�vel,Glamante
Dispirit,glamouroso
desanimado,glamour
disibentemente,Glasnost
desanimador,brilho
deslocar,brilhando
deslocado,alegria
Desculpe,alegre
Despachado,alegremente
desagrad�vel,brilhar
Desglande,brilhando
desproporcional,brilho
refutar,brilhando
disput�vel,brilho
disputa,brilho
disputado,glitterati
inquieta��o,brilho
inquietante,glorificar
inquietante,glorioso
inquieta��o,gloriosamente
desprezo,gl�ria
desconsiderado,lustroso
m� super -adupiv�vel,brilho
descr�dito,brilhando
desrespeito,brilhantemente
desrespeit�vel,ir
desrespeitoso,objetivo orientado
desrespeitosamente,Deus
desrespeito,temente a Deus
desrespeito,concedido por Deus
perturbe,God-se-Send
Interrup��o,deusa
disruptivo,divino
insatisfa��o,piedade
DISSATIFACTIONAL,piedoso
insatisfeito,presente de Deus
insatisfias,Deus da verdade
desagradar,indo
insatisfatia,Indo-that-extra-milha
Dissed,Golconda
dissimular,ouro
dissimulado,padr�o-ouro
dissens�o,dourado
dissid�ncia,Golden-Goal
dissidente,Ganso Dourado
Dissena��o,Golden-HandCuffs
desservi�o,Golden-Hello
dissesas,Jubileu de Ouro
dissid�ncia,Golden-Oldie
dissidente,Pedido de ouro
dissidentes,bom
dissipando,sentimento bom
dissocial,boa forma
dissoluto,boa sexta-feira
dissolu��o,boa sa�de
disson�ncia,de bom cora��o
dissonante,bem-humorado
dissonantemente,boa apar�ncia
dissuadir,bem-humorado
dissuasivo,bem-humorado
distains,bom trabalho
avers�o,boa
desagrad�vel,bom
desagrad�vel,bondade
distorcer,boa noite
distorcido,boa vontade
distor��o,Goody
distorce,desfiladeiro
distrair,maravilhoso
distra�do,Lindamente
distrair,beleza
Distra��o,poxa
perturbado,gourmandize
perturbadamente,gourmet
sofrimento,gra�a
angustiado,agraciado
angustiante,gracioso
angustiante,graciosamente
angustiante,gracile
desconfian�a,gracilidade
desconfiada,gracioso
desconfian�a,graciosamente
perturbar,Gacidade
perturba��o,gradualmente
perturbado,diplomado
perturbador,Grammy
perturbadoramente,grande
desuni�o,Grande
desvalorizar,grandeza
avoado,grandioso
divergente,grandiosidade
desviando,Grandmaster
divino,Grande
divisivo,grato
divisivamente,com gratid�o
divis�o,gratid�o
tonto,gratifica��o
Doddering,gratificado
Dodgy,gratificante
perseguido,satisfazer
obstinadamente,gratificante
dogm�tico,gratificante
Doldrums,gratid�o
Dolt,gratifica��o
dominar,gravitar
dominador,�timo
n�o,de bom cora��o
ru�na,o melhor
condenado,muito
Doomful,grandeza
Apocalipse,saudar
doomy,sauda��es
droga,greg�rio
Dorky,sorriso
Dotty,moer
duas face dupla,Grit
d�vida,Gritty
duvidoso,Grok
duvidosamente,noivo
duvidando,Groovy
d�vidas,inovador
babaca,de castigo
Idiotas,crescer
Dour,crescente
deselegante,crescido
abaixo,crescimento
baixo e para fora,garantia
Downbeat,garantido
abatido,guarda
para baixo,Guerdon
queda,convidado
desativado,gargalhada
downgrade,orienta��o
desanimado,guia
desbotado,sem gra�a
ladeira abaixo,sem culpa
desvantagem,inocente
desvantagens,bom sono
crise,gumptioso
crise,guru
Downy,jorrar
dozy,Gusher
mon�tono,Gushy
Draconiano,Gussy
Draconic,Gusto
arrastar,est�mago
arrastada,corajoso
arrastando,Gutty
drag�o,gin�stica
arrasta,habit�vel
ralo,HAECCEITY
drenado,Haere
drenagem,haha
drenos,sauda��o
dr�stico,id�lico
drasticamente,Hale
recua,metade do pre�o
desvantagens,sal�o
temor,Aleluia
terr�vel,marca
terrivelmente,marca��es
terr�vel,Hallow
aborrecido,sagrado
pingado,ar�ola
gotejamento,Escolha a m�o
Drippy,escolhido a dedo
gotejamentos,Palmas
drones,com facilidade
inclina��o,lidar
ca�das,folheto
ca�do,m�os para baixo
cair fora,Prime
desist�ncias,aperto de m�o
cair fora,bonito
desist�ncias,generosamente
seca,beleza
afogamento,pr�tico
b�bado,pendurar
b�bado,passar tempo junto
b�bado,Hansel
duvidoso,acontecendo
duvidosamente,Felizmente
DuB�vel,felicidade
DUD,feliz
Duff,Feliz-boi-luta
chato,contundente
Dullard,dispensando muito
sem gra�a,trabalha duro
burro,HI DESHIND
burro,Hardy
fict�cio,lebre
jogar fora,inofensivo
jogado fora,harmonioso
dumping,harmoniosamente
dumpish,harmoniz�vel
lix�es,harmonizar
Dun,harmonia
Dunce,haut-monde
Dunderhead,alta costura
masmorra,ter
masmorras,ref�gio
enganar,olhos falc�es
duplicado,passeio
Dusky,ele homem
p�,cabe�a
empoeirado,virar a cabe�a
an�o,progresso
panaca,inebriante
Dwindling,curar
morrendo,cura
disfuncional,sa�de
EarSlitting,comida saud�vel
exc�ntrico,saud�vel
excentricidade,saud�vel
ef�gie,cora��o
Effrostery,cora��o-arco
egoc�ntrico,cora��o para cora��o
egomania,comovente
ego�smo,Hearten
ego�sta,animador
egotisticamente,sincero
flagrante,cordialmente
flagrantemente,SALTO
Rigger de elei��es,para�so
elimina��o,C�u enviado
emaciado,celestial
emasculado,peso pesado
embara�ar,hedonismo
embara�oso,Guarda
embara�osamente,ateado
embara�o,altura
em apuros,aumentar
Envolver,ol�
envolvido,ajuda
BURBOLENTE,ajudou
emerg�ncia,ajudante
enf�tico,�til
enfaticamente,�til
vazio,gentileza
invadir,ajudando
invas�o,Ajuda
em perigo,despedida de solteira
inimigos,Hen-Party
inimigo,Hep
enervado,hepcat
insuficiente,arauto
enflame,anunciado
Engulf,herm�tico
enjoo,her�i
inimizade,Her�is
enfurecer,her�ico
enfurecido,heroicamente
enfurecendo,hero�na
escravizar,hero�smo
empr�stimo,Heroe
emaranhamento,heterose
APRIMENTO,heur�stica
aprisionamento,Hi Fi
inveja,Hickey
invejosamente,Hidalgo
invej�vel,Hiero
epidemia,alto
Equ�voco,Alto calibre
apagar,alta classe
corroa,dia alto
erodes,alta demanda
eros�o,mente alta
eros�o,alta pot�ncia
errar,prioridade m�xima
errante,alta qualidade
err�tico,alto alcance
erraticamente,auto estrada
err�neo,alto
erroneamente,de alto esp�rito
erro,alto astral
erros,alto ponto
erup��es,alta tecnologia
escapada,alta tecnologia
evitar,alta resist�ncia
afastado,altamente
Evitar,conceituado
evas�o,altamente temperado
evasivo,altamente valorizada
mal,Hil�rio
malfeitor,hilaridade
Evilearspliting,Hinny
males,quadril
eviscerem,hipocr�tico
exacerbar,moderno
exagerar,bater
exagero,pegar
exasperado,engate
exasperado,Ho-ho
exasperador,passatempo
exasperadamente,Hobnob
exaspera��o,Hoedown
excessivo,segurar
excessivamente,buraco em um
exclus�o,santidade
Excoriado,sagrado
excruciante,homenagem
excruciante,lar
desculpa,acolhedora
desculpas,Homey
execrate,Homie
escape,aprimorar
Exausta,honesto
exaust�o,honesto para boa
exaustos,honestamente
exaustexhort,honestidade
exortar,mel
ex�lio,Honeybun
exorbitante,melado
exorbitantemente,lua de mel
expulsar,pote de mel
caro,Hongi
expirar,HONORA
expirado,honranda
explodir,honor�rio
explorar,homenageado
explora��o,honor�fico
explosivo,Honoris-Causa
expropriar,honra
expropria��o,honroso
expulso,Medi��o honor�vel
expurgar,honrado
exterminar,honrando
exterm�nio,Lista de honras
extinguir,Viva
extorquir,Hoot
extors�o,Hootenanny
estranho,ter esperan�a
extravag�ncia,Esperan�a
extravagante,esperan�oso
extravagantemente,esperan�osamente
extremismo,esperan�a
extremista,senso de cavalo
extremistas,Hortativo
monstruosidade,Hosanna
f ** k,hospitaleiro
fabricar,hospitalidade
fabrica��o,hospedar
faceto,quente
facetamente,sangue quente
falhar,Gospel quente
fracassado,coisa quente
falha,Hot Bicket
falha,bolo quente
falha,Bolos quentes
falhas,HotShot
desmaiar,mais quente
de cora��o fraco,Hottie
Sem f�,aquecimento da casa
falso,como
cair,ol�
fal�cias,uivo
falacioso,uivando
falaciosamente,Hubba-Hubba
Falidade,abra�o
fal�cia,enorme
ca�do,Huggable
caindo,humano
cair,direitos humanos
cai,humano
FALSO,human�stico
falsidade,humanit�rio
falsamente,humilde
falsificar,Humdinger
vacilar,humildade
vacilado,humor�stico
fome,com humor
famoso,humor
fan�tico,Receio
fan�tico,Hunky-Dory
fanaticamente,Hurra
fanatismo,Hushaby
fan�ticos,Hushabye
fantasioso,Huzza
absurdo,Vigor h�brido
farsa,higiene
farcical,higi�nico
"rid�culo, mas provocativo",higienista
farcicamente,moda
farfetado,Husped
fascismo,Hipers�nico
fascista,hipn�tico
Feliz,histeria
r�pida,hist�rico
gordo,hist�rico
gato gordo,quebra -gelo
gatos gordos,�cone
fatal,ic�nico
Fatalista,iconize
fatalisticamente,ideia
fatalmente,ideal
fat�dico,idealidade
fatalmente,idealizar
insond�vel,idealmente
fadiga,idealizar
cansado,�dolo
gordinho,idolatrar
fatuidade,idolatrado
Fatuoso,id�lio
gordo,id�lico
falta,Iechyd
"falhas, panes",iGratiate
com defeito,ilimitado
Fawningly,ilumina��o
perturbado,iluminante
temer,iluminar
medo,esclarecedor
medo,ilumina��o
medos,iluminar
tem�vel,ilustrar
Feckless,ilustrativo
Feeble,ilustre
mente fraca,imaginativo
fingir,imagina��es
FEINT,absorver
caiu,imbue
criminoso,imaculado
criminoso,imaculadamente
ferozmente,imenso
ferocidade,imergir
f�tido,imortal
febre,imortelle
febril,imune
febres,imunidade
fiasco,imunizar
fib,Imunoterapia
Fibber,transmitir
inconstante,imparcial
fic��o,imparcialidade
ficcional,imparcialmente
fict�cio,impass�vel
inquieta��o,apaixonado
inquieto,impec�vel
dem�nio,impecavel
diab�lico,impel
feroz,importante
lutar,impressionar
figura de proa,impressionado
sujeira,impressionante
imundo,impressionantemente
falsificar,impressiona��o
Tinicky,melhorar
fissuras,melhorou
punho,melhoria
flabbergast,melhorias
ficou de p�,melhorando
sinaliza��o,improvisar
flagrante,em
flagrantemente,na multid�o
Flair,aprofundado
Flairs,em grupo
Flak,inamorato
Floco,incentivo
Flakey,Incept
descamando,incisivo
escamoso,incluir
flare,inclus�o
explos�es,inclusive
pisar fundo,renda
Fa�a um dosso,aumentar
imperfei��o,incr�vel
falha,incrivelmente
imperfei��es,endividado
fugir,de fato
fugindo,indestrut�vel
Fleer,Individual
foge,individualismo
fugaz,individualidade
tremer,individualizar
pisca,Indom�vel
Flickers,indulg�ncia
v�o,indulgente
Flimflam,for�a industrial
fr�gil,diligente
flerte,inestim�vel
provocante,barato
piso,barato
linguado,infalibilidade
debate,infal�vel
desligar,infalivelmente
Flower,Afutado
inimigo,apaixonado
enganar,infeccioso
enganado,infinito
imprudente,infinitamente
tolice,infinidade
tolamente,influente
loucura,informar
proibir,informal
proibido,informativo
proibindo,informativo
for�a,informado
pressentimento,Infotainment
com modifica��o,infrang�vel
desist�ncia,infundir
forjado,infus�o
esquecido,engenhoso
esquecido,Ingenuamente
esquecimento,criatividade
desamparado,ing�nuo
desamparado,ing�nuamente
abandonar,insinuante
abandonado,de forma insuficiente
impedir,Instratia��o
falta,herdar
com mau humor,iniciar
sujeira,iniciativa
agitado,inocente
fracamente,in�cuo
fratura,inovar
fr�gil,inova��o
fragmentado,Inovativa
fr�gil,entrada
fren�tico,inquisitivo
freneticamente,entendimento
fren�tico,perspicaz
fraude,com perspic�cia
fraudulento,inspira��o
cheio,inspirador
Frazzle,inspirar
desgastado,inspirado
doido,inspirador
enlouquecendo,Inspirit
Freakish,instrutivo
assustadoramente,instrumental
Freaks,isolar
congelar,integrante
congela,integrar
congelando,integrado
fren�tico,integridade
freneticamente,intelecto
fren�tico,intelec��o
frenesi,intelectual
Freg,intelig�ncia
irrit�vel,inteligente
trastes,Intelligentsia
atrito,intelig�vel
fric��es,interceder
frito,interesse
frigging,sem juros
susto,interessado
amedrontar,interessante
assustador,interesses
assustadoramente,interrogat�rio
assustador,interl�dio
assustadoramente,intimidade
FRIGID,�ntimo
geada,intr�pido
Carca�a,complexidade
congelou,intrincado
congeladas,intriga
infrut�fero,intrigante
infrut�fero,intrigantemente
frustrar,intui��o
frustrado,intuitivo
frustra,inestim�vel
frustrante,de forma invalida
frustrantemente,inventar
frustra��o,inven��o
frustra��es,inventivo
Porra,investir
doce de a��car,revigorar
fugitivo,revigorante
desenvolvido,invencibilidade
completo maminar,invenc�vel
fulminar,inviol�vel
Fumble,Inviolate
fuma�a,convite
vapores,convidar
fundamentalismo,convidativo
Funky,invoca��o
de maneira engra�ada,invulner�vel
engra�ado,ir�nico
furioso,Irie
furiosamente,IronClad
furor,irradiante
f�ria,insubstitu�vel
discutir,irrepreens�vel
temperamental,irresist�vel
fustigar,Irresist�vel
Fusty,isot�nico
F�til,livre de quest�es
futuro,Izzat
futilidade,Jove
difuso,piada
Fuzzyfail,alegre
f �ck,jovial
f �cking,alegria
Gabble,alegre
gaff,feliz
gafe,Jubilante
Gainsay,j�bilo
Gainshayer,suculento
Gall,apenas
Galling,Kahuna
Gallingly,Kairos
galhas,Kaizen
g�ngster,ansioso
GAPE,com for�a
lixo,afia
Garish,Keep-Fit
suspiro,manter-se
gauche,guardador
berrante,bem cuidada
Gawk,Kermis
desajeitado,Kia
Puxa,chute
genoc�dio,arrebentar
ficar rico,chutando
horrivelmente,Kicky
gueto,amig�vel para crian�as
fantasma,tipo
Giber,bondoso
Gibberish,bondade
gibe,gentilmente
vertiginoso,gentileza
truque,Kindred
enguia,Kindred-Spirit
Enguia,Rei dos Reis
truques,tamanho rei
enigm�tico,real
brilho,chef�o
claramente,parentesco
Glib,beijo
com vista,beij�vel
falha,beijograma
falhas,Klondike
gloingly,Knack
melancolia,Knee-tlaper
sombrio,joelhos para cima
brilho,cavaleiro
Scum,cavaleiro
excesso,suprimir
roer,sabendo
incitar,conhecimento
Indo,bem informado
horr�vel,Kosher
PACA,Parab�ns
pateta,Kvell
prossiga,Kwanzaa
fofoca,senhora
sem gra�a,Ladylike
Gracelessly,Lagniappe
enxerto,descontra�do
granulado,Lambent
agarrar,volta de homenagem
grato,grande
grade,grande cora��o
cova,generosidade
gravemente,cotovia
gorduroso,Pensamento lateral
ambi��o,louco
ambicioso,louv�vel
pesar,louv�vel
queixa,laudat�rio
queixas,rir
sofrer,rindo
Grieing,laureado
Grievous,luxuoso
gravemente,generosamente
sinistro,cumpridora a lei
careta,legal
moer,legalmente
Gripe,liderar
GRIPES,l�der
Grisly,lideran�a
Gritty,principal
bruto,magro
grosseiramente,aprender
grotesco,aprendido
Grouch,aprendizado
Grouchy,lenda
infundado,lend�rio
Grouse,prestidigita��o
rosnar,leg�timo
rancor,legitimidade
Rudges,leg�timo
relutante,legitimar
de m� vontade,lazer
horr�vel,lazer
horr�vel,lazer
Gruff,Lekker
resmungar,Leman
Grumpier,leniente
mais mal -humorado,libertar
Grumpidamente,liberta��o
mal-humorado,liberdade
ast�cia,deitar em
culpa,Lief
culpa,vida
culpado,linha de vida
cr�dulo,LifeSaver
Intrinhoso,elevador
calha,luz
Guttergawky,com p� de luz
Hack,alegre
hacks,iluminar
Haggard,simp�tico
pechinchar,como
sem cora��o,apreciado
sem entusiasmo,gosta
alucinar,gosto
alucina��o,L�rio branco
cesto,flex�vel
dificultado,l�mpido
deficiente,Linchpin
pendurar,le�o
pendura,sincero de cora��o
aleat�rio,�gil
infeliz,alfabetizado
arenga,�gil
molestar,ao vivo
assediado,fio vivo
assedia,habit�vel
ass�dio,vivaz
abrigar,anima��o
portos,animar
duro,vivendo
Harding,medalh�o
golpe duro,Lodestone
Lineradora,l�gica
Hardball,l�gico
endurecer,duradouro
endurecido,longa vida
Hardhead,de luto h� muito tempo
Hardhead Heart,sofredor
Liner,longevidade
hardliners,ador�vel
dificuldade,ador�vel
dificuldades,amor
ferir,Azeres do amor
prejudicado,compatibilidade amorosa
prejudicial,ninho de amor
prejudica,assento de amor
harpia,pombinho
bruxa,amado
atormentado,amor em alto
grade,beleza
severo,am�vel
severamente,amante
problema,amora
se importou,amo y
aborrecimentos,Lovey-Dovey
pressa,amoroso
precipitadamente,gentileza ador�vel
apressado,baixo custo
odiar,sutil
odiado,pre�o baixo
odioso,com pre�os baixos
odiosamente,baixo risco
�dio,Pre�os mais baixos
Odiador,leal
odiadores,lealdade
odeia,LUCENTE
odiar,l�cido
�dio,lucididamente
altivamente,sorte
altivo,mais sortudas
assombro,sorte
assombrando,sortudo
Havoc,lucrativo
Hawkish,luculento
Haywire,LUCULLAN
perigo,l�dico
perigoso,calmaria
confus�o,can��o de ninar
nebuloso,Lulu
dores de cabe�a,luminar
dor de cabe�a,luminoso
dores de cabe�a,delicioso
Destruidor de cora��es,exuberante
Devendo o cora��o,brilho
De coragem,lustre
sem cora��o,brilho
pag�o,brilhante
com m�o pesada,Lusty
cora��o pesado,Luvvy
diabos,luxo
Heckle,luxuriante
enrolada,luxuriado
Heckles,luxuoso
fren�tico,luxuosamente
cobertura,luxo
hedonista,Lynx Olhando
sem aten��o,feito
pesado,Magia
hegemonia,m�gico
hediondo,magn�nimo
inferno,magn�tico
decidido,magnetismo
Hellion,magn�fico
infernos,ampliar
desamparado,magnitude
impotente,Mai
desamparo,principal
heresia,Painstay
herege,manter
her�tico,majestoso
hesitante,majestade
hediondo,principal
terrivelmente,maioria
Hedionsidade,fazer
alto pre�o,mamute
impedir,gerenciar
obst�culo,manifesto
silvo,maneiras
sibilou,muitos
sibilando,comercializ�vel
Ho-hum,casado
Tesouro escondido,maravilha
farsa,maravilhoso
mancando,maravilhoso
porcos,enorme
oco,mestre
acolhedora,magistralmente
enganar,obra de arte
v�ndalo,amigo
sem esperan�a,mat�ria
irremediavelmente,maduro
desesperan�a,maturidade
horda,m�ximo
horrendo,significado
horrendamente,significativo
horr�vel,mediar
horr�vel,meditar
horr�vel,medita��o
horrorizado,mellifluous
horr�vel,maduro
horrorizar,mel�dico
horr�vel,melodioso
ref�m,memor�vel
hostil,mental
hostilidades,mentalmente afiado
hostilidade,mentor
Ferbadores,misericordioso
Hothead,miseric�rdia
Hotheaded,m�rito
estufa,merit�rio
arrog�ncia,alegre
Huckster,hipnotizar
zumbir,hipnotizante
�mido,m�todo
humilhar,Valinha
humilhante,milh�o
humilha��o,mente
zumbindo,surpreendente
pendurado,atento
ferir,aten��o plena
prejudicial,misturar -se
machucando,milagre
machuca,milagroso
Hustler,alegria
moda,perder
hipocrisia,miss�o
hip�crita,mobilidade
hip�critas,modelo
hip�crita,moderado
hipocriticamente,moderno
histeria,importante
hist�rico,monumental
hist�rico,moral
histericamente,moral
histeria,mais
Icky,maioria
Idiocias,maternidade
Idiocy,motivar
idiota,motiva��o
idiota,mover
idioticamente,movendo
idiotas,comovente
parado,muito
ign�bil,multid�o
ignominioso,mun�fico
ignominiosamente,Musical-Pleasan
ignom�nia,deve
ignor�ncia,mutuamente
ignorante,pregado
ignorar,pregado
doente,Namaste
mal aconselhado,nascente
mal concebido,natal
mal definido,na��o
mal projetado,em todo o pa�s
infundado,nativo
mal favor�vel,Natty
mal formado,natural
mal-educado,naturalmente
mal natural,natureza
mal derrotado,feito pela natureza
mal-humorado,naturado
mal tratado,naveg�vel
maus-tratos,navegar
m� resposta,aproximar
mal usado,pr�ximo
ilegal,organizado
ilegalmente,arrumado como pino
ileg�timo,Hand Hand
il�cito,arrumado
analfabeto,ordenadamente
doen�a,necessariamente
il�gico,necess�rio
ilogicamente,necessidade
ilus�o,n�ctar
ilus�es,precisar
ilus�rio,necess�rio
imagin�rio,negativo
desequil�brio,vizinhan�a
imbecil,vizinho
IMBROGLIO,neo
imaterial,neonato
imaturo,Neot�rico
imin�ncia,Nestl�
iminentemente,neutro
imobilizado,nunca morrendo
imoderado,Nunca termina
imoderadamente,sem falha
imodesto,novo
imoral,rec�m -nascido
imoralidade,novo
imoralmente,rec�m -descoberto
im�vel,recentemente
prejudicar,rec�m -casado
prejudicado,pr�ximo
impasse,mordidela
impaci�ncia,legal
impaciente,bonito
impacientemente,Agrad�vel
impeachment,prazer em conhec�-lo
imped�ncia,agrad�vel
impedir,escr�pulo
impedimento,Nifty
iminente,�gil
impenitente,Nimbledinged
imperfeita,agilidade
imperfei��o,com agita��o
imperfei��es,Nimbus
imperfeitamente,frio
imperialista,nirvana
impere -se,``
imperioso,sem d�vida
imperiosamente,Nob
inadmiss�vel,nobreza
impessoal,nobre
impertinente,nobre
impetuoso,acenar
Impetuamente,silencioso
impiedade,Nom
impactar,nomear
�mpio,Nomeado
implac�vel,n�o
implaus�vel,n�o beligerante
implausivelmente,n�o resistente
implicado,N�o-viol�ncia
implica��o,indiferente
implodir,N�o -Commite
indelicado,n�o negativo
influenciado,n�o pareil
impol�tico,sem parar
Importunado,recanto
importunar,normal
impor,normalmente
imos,Nortura��o
imponente,nostalgia
imposi��o,not�vel
imposs�vel,observa��o
imposs�vel impotente,observado
impossivel,digno de nota
impotente,perceber
empobrecer,percept�vel
empobrecido,visivelmente
impratic�vel,nutrir
maldizer,nutritivo
impreciso,nutri��o
impreciso,Nouveau
imprecis�o,romance
pris�o,novidade
pris�o,agora
improbabilidade,n�bil
improv�vel,n�mero
improv�vel,n�mero um
impr�prio,numeroso
inadequadamente,numinoso
impropriedade,enfermeira
imprud�ncia,nutrir
imprudente,nutriente
Impud�ncia,nutrimento
impudente,nutri��o
impudentemente,nutritivo
impugnar,Nuzzle
impulsivo,ninfa
impulsivamente,Ninfeta
impunidade,o�sis
impuro,juramento
impureza,obediente
em,objetivo
incapacidade,objetivamente
imprecis�es,obrigado
imprecis�o,obrigar
imprecisa,obrigavelmente
imprecisa,atento
ina��o,obtivermos
inativo,obt�vel
inadequa��o,ocorrer
inadequado,odds-in
inadequadamente,ecum�nico
inadvis�vel,de
INANO,of-substance
inanamente,oferecer
inapropriado,oferta
inapropriadamente,OFFICIA
inapt,OK
inarticulado,OK
desatento,Oncheado
inaud�vel,Entendido
incapaz,Olimp�ada
incansavelmente,onipotente
incautioso,onisci�ncia
incendi�rio,onisciente
incenso,sobre
incessante,na m�o
incessantemente,no alvo
incitar,na hora
incitamento,INSCRESSO
incivilidade,cem
inclemente,um de cada tipo
incoer�ncia,One-up
incoerente,unidade
incoerentemente,em andamento
incomensur�vel,adiante
incompar�vel,grande quantidade
incomparavelmente,Oohlala
incompatibilidade,Oomph
incompat�vel,ooze
incompet�ncia,escorrendo
incompetente,opalescente
incompetentemente,abrir
incompleto,de cora��o aberto
incompreens�vel,de cora��o aberto
incompreens�o,mente aberta
inconceb�vel,de mente aberta
inconcebivelmente,Abra
incongruente,abertura
incongruentemente,abertamente
inconseq�ente,abertura
inconseq�encialmente,oper�vel
inconsiderado,oper�tico
inconsideradamente,operacional
inconsist�ncias,operativo
inconsist�ncia,oportuno
inconsistente,oportunidades
inconsol�vel,oportunidade
inconsolavelmente,�timo
inconstante,otimista
inconveni�ncia,ideal
inconvenientemente,opul�ncia
incorreta,opulento
incorretamente,ORA
incorrig�vel,orquestrado
incorrigivelmente,ordenadamente
incr�dulo,org�nico
incr�dulamente,organizacional
inculcar,organizado
indec�ncia,original
indecente,originalidade
indecente,originar
indecis�o,origina��o
indeciso,Originativo
indecisivamente,ornamental
indefens�vel,ornamentado
indelicado,Orotund
indetermin�vel,oscular
indeterminadamente,fora de vista
indeterminado,Fora de
indiferen�a,fora deste mundo
indiferente,outback
indigente,superar
indignado,superado
indignado,extrovertido
indigna��o,superar
indignidade,superar
indiscern�vel,ultrajante
indiscreto,ofuscar
indiscretamente,Exceto
indiscri��o,fora de tamanho
indiscriminado,Ser mais esperto que
indiscriminadamente,franco
indistingu�vel,fora do comum
doutrinar,estettch
doutrina��o,ova��o
indolente,sobre
saciar,muito alegre
ineficaz,Overachieve
ineficazmente,Overachiever
inefic�cia,hiperativo
ineficaz,excesso
ineficaz,Over OLL
inefic�cia,muito excitado
inefici�ncia,transbordar
ineficiente,transbordante
ineficientemente,Overfond
deseleg�ncia,Overyjo
deselegante,muito feliz
ineleg�vel,felizmente feliz
ineleg�vel,Overmodest
inepto,sobrecarregar
inaptid�o,substituindo
inepto,tamanho grande
desigualdades,APRETO
desigualdade,ultrapassar
desigual,ultrapassando
desigualmente,muito pesado
desigualdades,propriet�rio
inevit�vel,ritmo
inevitavelmente,Acalmar
n�o essencial,indolor
inevit�vel,sem dor
inevitavelmente,indolor
indesculp�vel,diligente
isoladamente,par
inexor�vel,amigo
inexoravelmente,palat�vel
inexperi�ncia,Palacial
inexperiente,Pally
inexperiente,palp�vel
inexperiente,PAMPER
inexpi�vel,por excel�ncia
inextric�vel,Paradisal
inextricavelmente,para�so
infame,Paragon
infame,Paramount
inf�mia,perd�o
infetado,paternidade
infec��o,especial
infec��es,partid�rio
inferior,parceiro
inferioridade,parceria
infernal,festa
infestar,paix�o
infestado,apaixonado
infiel,apaixonadamente
infi�is,passiva
Infiltrador,paterno
infiltradores,Pathfinder
Enfermado,paci�ncia
inflamar,paciente
inflama��o,pacientemente
inflamat�rio,patriota
inflado,patri�tico
inflacion�rio,patriotismo
inflex�vel,patrocinar
infligir,paz
infra��o,pac�fico
infringir,pacificamente
viola��o,pac�fico
infra��es,paz
enfurecer,Pazenda
enfurecido,pacificador
irritante,p�ssego
irritantemente,p�ssego
ingl�rio,Keen de p�ssego
ingrato,pico
ingratid�o,p�rola
inibir,inigual�vel
inibi��o,pep
in�spito,Peppy
in�spita -fumano,por cento
desumano,percep��o
desumano,perceptivo
desumanidade,perfeito
in�rcio,perfei��o
inimicamente,perfeccionista
in�quo,perfeitamente
iniq�idade,vantagem
imprudente,Permanente
ferir,permanente
LesureInjurious,permitida
prejudicial,perseveran�a
ferida,perseverar
injusti�a,persistir
Injustes,persist�ncia
sugest�o,persistente
inoper�vel,persistentemente
inoportuno,gentil
desordenado,personalidade
excessivamente,perspectiva
insano,persuasivo
insanamente,persuasivamente
insanidade,pert
insaci�vel,pertinente
inseguro,permeado
inseguran�a,Petichor
insens�vel,Petite
insens�vel,fen�menos
insensivelmente,fenomenal
insensividade,fenomenalmente
insidioso,fen�meno
insidiosamente,ufa
insignific�ncia,filantr�pico
insignificante,filantropo
insignificante,filantropia
insincero,fil�sofo
insinceramente,filos�fico
insinceridade,escolha
insinuar,me pegue
insinuante,pitoresco
insinua��o,piedade
ins�pido,piloto
insol�ncia,pin�culo
insolente,pioneiro
insolentemente,pioneiro
insolvente,piedoso
despreocupa��o,pique
instabilidade,picante
instigar,Pivotal
instigador,pizzazz
instigadores,pl�cido
insubordinado,plaus�vel
insubstancial,jogar
insubstancialmente,brincalh�o
insuport�vel,brincadeira
insuportavelmente,Playmate
insufici�ncia,declarar
insuficiente,prazeroso
insuficientemente,agradavelmente
insular,por favor
insulto,satisfeito
insultado,agrad�vel
insulto,agrad�vel
insultantemente,prazer
insultos,plenitude
insuport�vel,abundante
intranspon�vel,abundante
insuper�vel,bastante
insurrei��o,flexibilidade
intenso,flex�vel
interferir,Plucky
interfer�ncia,plugue
interfere,ameixa
intermitente,Bominho
interromper,Glump
interrup��o,mais
interrup��es,pel�cia
intimidar,poeta
intimidador,po�tico
intimidantemente,po�tico
intimida��o,equil�brio
intoler�vel,polon�s
intoler�ncia,educado
intoxicar,educadamente
intrat�vel,polidez
intransig�ncia,popular
intransigente,popularidade
intrunar,port�til
intrus�o,portal
intrusivo,retratar
inundar,chique
inundado,positivo
invasor,positivamente
inv�lido,positividade
invalidar,possuir
invalidez,possibilidade
invasivo,poss�vel
invectivo,potente
Inveigle,potencial
desagrad�vel,poder
invidiosamente,poderoso
inven��o,pr�tico
invis�vel,praticidade
involuntariamente,pr�tica
involunt�rio,praticado
irasc�vel,pragm�tico
irado,pragmaticamente
iradamente,louvar
ira,louv�vel
Irk,rezar
irritado,ora��o
irrita,precioso
irrita,preciso
irritante,precisamente
irnksomely,precis�o
Irksomeness,predominante
ir�nico,proeminente
ir�nico,prefer�vel
ironicamente,preferido
ironias,Premier
ironia,Pr�mio
irracional,preparar
irracionalidade,preparado
irracionalmente,prepara��o
irracionais,preponderante
irreconcili�vel,prepotente
irrecuper�vel,presen�a
irrecuper�vel,presente
irredimable,preserva��o
irremediavelmente,preservar
irregular,Presidente
irregularidade,prest�gio
irrelev�ncia,Prestigiado
irrelevante,presto
irrepar�vel,beleza
irreprim�vel,bonito
irresoluto,prevalecer
irresoluteIRRESPSIBLE,predominante
irrespons�vel,prevalente
irresponsabilidade,impag�vel
irrespons�vel e irremerem,orgulho
irrepar�vel,primitivo
irrevers�vel,Prim�rio
irrit�vel,melhor
irritante,Primo
irritante,Principe
irritar,principesco
irritado,princesa
irritante,diretor
irrita��o,princ�pio
irrita��es,princ�pio
isolar,anterior
isolado,prioridade
isolamento,primitivo
emitir,privacidade
problemas,privado
coceira,privil�gio
coceira,privilegiado
pruriginoso,pr�mio
Jabber,valorizado
cansado,vencedor do Pr�mio
grudado,pr�
gel�ia,proativo
estridente,processo
invejoso,prodigioso
ci�mes,prod�gio
com ci�mes,produzir
ci�me,produtivo
ci�mes,produtivamente
JEER,produtividade
zombando,profissional
zombando,professor
Jer�os,proficiente
prejudicar,lucro
perigo,rent�vel
idiota,profundo
Jerky,profundamente
Jitter,Profuso
nervosismo,profus�o
ansioso,progresso
morrer de emprego,progressivo
desempregado,prol�fico
piada,proemin�ncia
palha�o,proeminente
solavanco,com destaque
Judder,promessa
Juddering,promissor
Judders,promissora
Pumpy,promover
porcaria,promo��o
Junky,incitar
Junkyard,prontamente
matar,apropriado
morto,apropriadamente
assassino,prop�cio
matando,proponente
Killjoy,propor
mata,Prospect
valete,Prospectiva
faca,prosperar
bater,prosperidade
atado,pr�spero
Kook,protagonista
exc�ntrico,proteger
falta,protegido
Lotaladaisical,protetor
Falta,protetor
lacaio,Protege
lacaios,orgulhoso
em falta,orgulhosamente
sem brilho,comprovado
falta,fornecedor
lac�nico,provocante
atraso,proezas
atrasado,prud�ncia
atrasado,Prudente
atraso,m�diuns
demitido,psicoterapia
Lambast,Pukka
Lambaste,bombeado
muito ruim,Punto
Duck coxo,Pontilioso
lamento,pontual
lament�vel,pontualidade
lamentavelmente,filhote de cachorro
L�nguido,puro
l�nguido,puramente
langor,purificar
l�nguido,pureza
l�nguido,prop�sito
magro,com prop�sito
lapso,quadruplicar
capido,quaff
lapsos,Pitoresca
lascivo,Palita
�ltima vala,singularidade
lat�ncia,sem forma
ris�vel,qualificado
rindo,qualificar
chacota,qualitativo
Lawbreaker,qualitativamente
escravo da lei,qualidade
sem lei,Garantia da Qualidade
ilegalidade,qualidade de vida
Demitir,tempo de qualidade
Fapso de demiss�o,quantific�vel
pregui�oso,quantidade
vazar,trimestre
vazamento,quat
vazamentos,rainha
vazando,dignidade
vazamentos,rainha
vazando,Inquieto
Lecher,Quell
lascivo,Quemeful
lux�ria,Querece
sanguessuga,Tireiza��o
Leer,perguntador
Longa,busca
esquerda,Buscador
lim�o,pergunta
longo,qui
menos desenvolvido,r�pido
menos conhecido,R�pido como uma flash
Letch,Quick-March
letal,em movimento r�pido
let�rgico,lan�amento r�pido
letargia,m�ope r�pido
sensual,pensamento r�pido
lascivamente,de esp�rito r�pido
aguardente,Pertad�nio rapidamente
responsabilidade,acelerar
respons�vel,acelerando
mentiroso,mais r�pido
mentirosos,rapidamente
licencioso,rapidez
licenciosamente,passo r�pido
licenciosidade,Quiiddity
mentira,quiescente
mentiu,quieto
mentiras,mais tranquilo
risco de vida,silenciosamente
sem vida,tranquilidade
limite,Silencioso
limita��o,quillet
limita��es,quintess�ncia
limitado,por excel�ncia
limites,essencialmente
mole,Quip
ap�tico,peculiar
litigioso,peculiar
pouco conhecido,bastante
l�vido,tremor
lidemente,quixotesco
relutante,question�rio
odia,contingente
repugn�ncia,cit�vel
pitidamente,cota��o
repugnante,citar
transseguraramente,cita��es
solit�rio,Quotha
solid�o,Quotidiano
sozinho,atrevido
solit�rio,rad
solit�rio,Radiance
muito tempo,radiante
longa,radiante
anseio,irradiar
ansiosamente,rah
brecha,fabricante de chuva
brechas,arco-�ris
solto,raison-d'etre
saqueado,indiscut�vel
LOSELOUSYLUMPY,r�pido
perdedor,rapidamente
perdedores,Rapport
perde,arrebatado
perdendo,�xtase
perda,arrebatador
perdas,arrebatado
perdido,Rasasvada
alto,racional
mais alto,racionalidade
nojento,racionalmente
sem amor,Ravish
Lovelorn,arrebatador
com baixa classifica��o,desorganizante
humilde,gilete afiada
rid�culo,Reconec��o
ridiculamente,acess�vel
l�gubre,leg�vel
morno,facilmente
calmaria,prontid�o
grumoso,preparar
Lunaticlurch,reafirmar
atrair,reafirma��o
Lurid,real
espreita,realista
� espreita,realidade
mentindo,realiz�vel
macabro,realmente
louco,colher
Madden,raz�o
enlouquecedor,razo�vel
loucamente,razoavelmente
Madder,raciocinado
loucamente,resseguro
louco,tranquilizar
loucura,tranquilizador
desajustado,tranquilizadoramente
desajustado,renascido
doen�a,receber
Mal-estar,receptor
descontente,recep��o
malconteado,receptivo
Maledict,receptivamente
malevol�ncia,Recherche
mal�volo,destinat�rio
malevolentemente,rec�proca
mal�cia,reciprocamente
malicioso,retribuir
maliciosamente,recuperar
maliciosidade,reconhecimento
maligno,reconhec�vel
maligno,reconhecer
malodoroso,reconhecido
maus -tratos,recomendar
Mangle,Recomend�vel
mutilado,recomenda��o
Mumanos,Recomenda��es
Mangling,recomendado
mania,conciliar
man�aco,reconcilia��o
man�aco,recorde
man�aco,recuperar
manipular,recupera��o
manipula��o,lazer
manipulador,retifica��o
manipuladores,retificar
mar,retifica��o
marginal,recupera��o
marginalmente,Recuperativo
mart�rio,tapete vermelho
Procurado com mart�rio,resgatar
pur�,resgatando
massacre,reden��o
Massacres,refinar
Matte,refinado
Mawkish,refinamento
mawkisly,reflex�o
Mawkishness,reflexivo
Meage,refletivamente
significar,reforma
sem significado,reformado
maldade,reforma
m�sero,reformas
intrometida,Atualizar
enxerido,atualizado
med�ocre,refrescante
mediocridade,refrescante
melanc�lico,refulgente
melodram�tico,reembolso
melodramaticamente,devolveu
Meltdown,r�gio
amea�a,regiamente
amea�ador,respeito
amea�adoramente,reinante
mendaz,regular
MENDACIDADE,regulador
servil,reencarna��o
impiedoso,alegrar
impiedosamente,alegria
bagun�a,alegremente
bagun�ado,rejuvenescer
bagun�a,rejuvenescido
bagun�ando,rejuvenescendo
bagun�ado,rejuvenescimento
an�o,rejuvenescedores
Miff,rela��o
milit�ncia,relacionamentos
irracional,relaxar
sem pensar,relaxamento
miragem,relaxado
lama,relaxante
Misalign,relaxantemente
desalinhado,liberar
desalinhamentos,libera��o
errar,ceder
Misbecome,relevante
mal severa,confiabilidade
mal -tagado,confi�vel
se comportar mal,confi�vel
mau comportamento,al�vio
calcular mal,aliviar
erro de c�lculo,aliviado
Diversos,apaziguador
travessura,religi�o
pernicioso,Aproveite
maliciosamente,not�vel
equ�voco,notavelmente
conceitos err�neos,rem�dio
Miscreant,remiss�o
criminosos,remissivo
desvio de dire��o,remunerar
avarento,renascimento
miser�vel,renovar
mis�ria,renovado
miseravelmente,renovar
mis�rias,renova��o
miser�vel,renome
mis�ria,renomado
desajustar,substitu�vel
infort�nio,repouso
desconfian�a,representar
d�vidas,respeit�vel
Misguid�ncia,Recentemente
desencaminhar,reputa��o
equivocado,resili�ncia
Mishendle,resiliente
acidente,resilientemente
desinformar,resoluto
desinformado,resolutamente
interpretar mal,resolver
Jesto mal,resolvido
julgamento err�neo,ressoar
enganar,retumbante
err�neo,retomando
enganosamente,recurso
maldade errada,engenhoso
pronunciar erros,com recursos
pronunciado incorretamente,desenvoltura
pronuncia erros,respeito
interpretar mal,respeit�vel
leitura errada,respeit�vel
deturpar,respeitado
deturpa��o,respeitoso
perder,respeitosamente
perdido,descanso
sente falta,resplandecente
disforme,resplendentemente
ausente,responsabilidade
distor��o,respons�vel
n�voa,respons�vel
erro,responsivo
equivocado,responsabilidade
por engano,descansar
erros,descansado
amante,repousante
desconfian�a,repousamente
desconfiado,restaura��o
com desconfian�a,restaurador
Bristas,restaurativo
Mus Entender,restaurar
mal-entendido,restaurado
mal -entendidos,reestruturar
incompreendido,reestruturado
uso indevido,reestrutura��o
gemer,resultado
mafioso,resultados
zombar,retentivo
zombado,retentivamente
zombarias,retr�til
zombaria,retornar
zombando,revelar
zombando,revelador
zombares,Revel
mofado,revela��o
molestar,Revere
molestamento,reverenciado
mon�tono,rever�ncia
monotonia,reverente
monstro,reverentemente
monstruosidades,revitalizar
monstruosidade,revitalizando
monstruoso,renascimento
monstruosamente,reviver
temperamental,revivido
discut�vel,revive
MOPE,revolucion�rio
m�rbido,revolucionar
morbidamente,revolucionado
mordente,revoluciona
mordantemente,recompensa
moribundo,recompens�vel
idiota,recompensador
imbecil,recompensa
idiotas,Rhapsodic
mortifica��o,Rhapsodicamente
mortificado,raps�dia
mortificar,rico
mortificante,Mais rico
im�vel,ricamente
Moteira,riqueza
lamentar,certo
Mourner,Right-O
triste,corren
tristeza,justo
boca,justamente
confus�o,justi�a
turvar,leg�timo
Mudslinger,com raz�o
Mudsling,com raz�o
Mulish,direita
multi-polariza��o,maduro
mundano,ascender
assassinato,ris�vel
assassino,risamente
assassino,livre de risco
assassino,assumir riscos
obscuro,robusto
flex�o muscular,fortemente
mole,pedra
mofado,Roger
misterioso,entendido
misteriosamente,rolar
mist�rio,Rollick
mistificar,rolando
mito,rolousamente
mitmalicious,romance
Nag,rom�ntico
ranzinza,romanticamente
ing�nuo,romantizar
ingenuamente,Romeu
mais estreito,espa�oso
sussora,espa�oso
maldade,enraizado
nojento,rooter
danadinho,rosa
Nauseado,Rosely
Nauseates,Rosidade
nauseante,Rosy
nauseantemente,redondo
ing�nuo,arredondado
nebuloso,Rouse
nebulosamente,empolgante
Desnecess�rio,Rousingly
desnecessariamente,real
carente,�spero
nefasto,robusto
nefariosamente,governante
negar,governar
nega��o,correr
negativo,correr atr�s
negativos,Run-for-my-money
negatividade,corredor
neglig�ncia,S�bado
negligenciado,sacarina
neglig�ncia,SACD
negligente,Sachem
N�mesis,sacralizar
nepotismo,sacraliza��o
nervoso,sacralizar
nervosamente,sagrado
nervosismo,sacrif�cio
urtiga,sacrificial
Nettlesome,sacrif�cio
neur�tico,sacramento
neuroticamente,sacrossanto
nunca,Sadhu
prejudicada,seguro
negros,aposta segura
pesadelo,salvaguarda
de pesadelo,Safe-House
pesadelo,guardar seguro
nitpick,Per�odo seguro
Nitpicking,Segundo-sexo
n�o,com seguran�a
ningu�m,seguran�a
barulho,seguran�a
ru�dos,cinto de seguran�a
barulhento,gaiola de seguran�a
barulhento,Catch de seguran�a
N�o Confid�ncia,Curta de seguran�a
indefinido,Filme de seguran�a
inexistente,vidro de seguran�a
n�o responsivo,Lamp de seguran�a
Absurdo,Partida de seguran�a
curioso,internet Segura
n�o,pino de seguran�a
notoriedade,Seguran�a-Razor
not�rio,Uso de seguran�a
notoriamente,v�lvula de seguran�a
nocivo,saga
inc�modo,sagaz
dormente,sagazmente
obeso,sagacidade
objeto,Sagamore
obje��o,Saganaki
censur�vel,s�bio
obje��es,saguamente
obl�quo,sagu
obliterar,Sahib
obliterado,velejar
desatento,santo
detest�vel,santidade
desagrad�vel,santo
obsceno,dia santo
obscenamente,Salaam
obscenidade,sal�rio
obscurecer,oferta
obscurecido,vend�vel
obscurece,proeminente
obscuridade,com saliente
obcecado,salivar
obsessivo,Sally-Lunn
obsessivamente,Saloon-Car
obsessividade,sal da terra
obsoleto,Salubreo
obst�culo,salubriosamente
obstinado,salubridade
obstinadamente,Salut
obstruir,salutar
obstru�do,sauda��o
obstru��o,salutacional
obstru��o,Salutatorian
obstru��o,Salutat�rio
invasivo,sauda��o
obtuso,salut�fero
oclude,salvamento
oclu�do,salva��o
oclus�es,salvacionista
ocluindo,salva
chance,samaritano
odor,Samskara
mais estranho,Sanativo
esquisitices,santifica��o
estranheza,santificado
estranhamente,santificador
odioso,santificar
odor,santificando
ofensa,santimonioso
ofender,san��o
criminoso,sancionado
ofensivo,santid�o
ofensas,santidade
ofensiva,santu�rio
ofensivamente,santu�rio
ofensividade,sanctus
oficioso,areia
velho,Sandlot
amea�ador,Sane
amea�adoramente,SILLE
omiss�o,Sanness
omitir,Sangfroid
unilateral,sangu�neo
oneroso,sanguinamente
onerosamente,otimismo
ataque,sanit�rio
opinativo,sanitariedade
advers�rio,sanit�rio
oportunista,higienize
opor,sanidade
oposi��o,Papai Noel
oposi��es,Papai Noel
oprimir,seiva
opress�o,Sapid
opressivo,sabor
opressivamente,sapi�ncia
opress�o,sapiente
opressores,Sapientia
prova��o,Sapiential
�rf�o,Sapiently
ostracize,muda
surto,Sardar
explos�o,irreverente
explos�es,saciar
exilado,saci�vel
clamor,saciar
bandido,saciedade
superficial,saciedade
ultraje,satisfa��o
indignado,satisfatoriamente
ultrajante,satisfa��o
escandalosamente,satisfat�rio
ultrajante,satisfa��o
ultrajas,satisfat�rio
fora,satisfeito
exagerado,satisfaz
intimidar,satisfazer
em excesso,satisfat�rio
exagerado,satisfatoriamente
muito caro,Satori
supervaloriza��o,Satsang
exagerar,Satsanga
exagerado,saturado
intimidar,Saturnalia
Overbalannce,saucily
Overbalanceado,picante
arrogante,atrevido
repugnantemente,sauna
exagerado,passear
exagerar,s�bio
exagerado,salvar
atrasado,Save-A-Packet
Overfase sobrefase,economizador
superaque�a,economizando
exagero,salvando grace
sobrecarregado,poupan�a
negligenciar,salvador
pago em excesso,salvador
Overplay,Savoir-faire
sobrecarregar,saborear
muito caro,Savory
superestimado,saborear
ultrapassar,saboreando
Overnun,Savory
ofuscar,Savitied
supervis�o,Savvier
supervis�o,Savvies
simplifica��o excessiva,mais saboroso
simplificado demais,Savvy
simplificar demais,salvando
tamanho grande,dizer
exagerar,escala de Deus
exagerado,correr
exagero,c�nico
exageradamente,Scherzando
exagero,Scherzo
sobrecarregado,Schmooze
ultrapassado,estudioso
derrubar,acad�mico
derruba,bolsa de estudos
reviravolta,escola
sobrepeso,companheiro de escola
Sobrecarga,Ci�ncia
sobrecarregado,cient�fico
muito pesado,cintilado
esmagadoramente,cintilante
sobrecarrega,cintilantemente
superzeal,cintila��o
super zelo,Scintillator
dor,Scion
doloroso,escopo
dolorosamente,pontua��o
dores,pontua��es
p�lido,sem escoc�s
Pales,Scrappy
insignificante,gritar
frigideira,gritador
pandem�nio,roteiro
Pander,roteiro
pandering,Scrummier
panders,mais escuro
p�nico,Mel�vel
em p�nico,delicioso
em p�nico,Scrumptiosamente
em p�nico,Scrumptiousness
paradoxal,escrupuloso
paradoxalmente,Escultura
paralisado,escultor
paran�ia,desatado
paran�ico,temporada
parasita,sazonal
p�ria,temperado
par�dia,Seaworthy
parcialidade,isolado
partid�rio,isolamento
partid�rios,segundo advento
passiva,segunda vista
passividade,segundo vis�o
pat�tico,Segunda Vento
pateticamente,seguro
patrocinar,garantido
escassez,com seguran�a
pobre,seguran�a
Paupers,sedutor
retorno,sedulidade
peculiar,diligente
particularmente,sedulosamente
pedante,sedulosamente-
descascado,sedulosidade
irrita��o,diligente-
irritado,At� mais
impertinente,procurar
irritadamente,buscador
penalizar,parecer
pena,aparentemente
perf�dico,Selecione
superficial,seletivo
perigo,auto aceita��o
perigoso,auto-afirma��o
perigosamente,auto-an�lise
perecer,auto-an�lise
pernicioso,auto-assertivo
perplexo,autoconfian�a
perplexo,seguro de si
perplexo,autoconsci�ncia
perplexidade,autoconfian�a
perseguir,auto compaix�o
persegui��o,auto confian�a
pertinaz,autoconfiante
pertinazmente,autoconfiante
pertin�cia,de forma confi�vel
perturbar,degacon�vel-
perturbado,autoconsist�ncia
Pervasivo,autoconsistente
perverso,auto-controle
Perversamente,autocontrolado
pervers�o,defesa pr�pria
perversidade,autodefesa
perverter,autodetermina��o
pervertido,autodisciplina
pervertidos,auto disciplinado
pessimismo,autodescoberta
pessimista,auto estima
pessimisticamente,auto-express�o
praga,AUTO-AGRAVIDADE
Pestilent,auto-realizado
petrificado,Autoajuda
petrificar,Auto-bondade
chicanar,amor pr�prio
pequeno,self made
fobia,auto-prote��o
f�bico,Auto-realiza��o
falso,auto-realiza��o
piquete,auto-respeito
piquete,auto-sacrif�cio-
piquete,abnegado
Piquetes,auto-satisfa��o
exigente,proativo
porco,auto-iniciante
porcos,Auto-sufici�ncia
pilhagem,auto-suficiente
pelourinho,auto-suficiente
espinha,auto-sustentado
pitada,auto-sustent�vel
pique,Auto-auto-sugest�o
lament�vel,altru�sta
lament�vel,desinteressadamente
lament�vel,altru�smo
impiedoso,ponto de venda-
impiedosamente,sensa��o
Pittance,sensacional
pena,sensacionalmente
plagiar,sensa��es
praga,senso
simples,sensibilidade
brinquedo,sens�vel
declarar,sensivel
pedidos,confidencial
plebeu,sensivelmente
situa��o,sensibilidade
trama,sensibilizar
plotadores,sensual
manobra,sensual
pilhagem,sensualmente
saqueador,autoconsciente
sem sentido,sentimento
sem sentido,sentimental
t�xico,valor sentimental
venenoso,sentimentalmente
venenamente,sentinela
limitado,coerente
pequeno,lantejoulas
poluir,serenata
Poluidor,Serenader
poluidores,serendipitous
pomposo,Acidentalmente
pobre,acaso
mais pobre,sereno
mais pobre,serenamente
mal,serenidade
postura,s�rio
BOUT,seriamente
pobreza,servir
impotente,servidor
Prate,servi�o
PratFall,Servi�vel
Cratume,definir
prec�rio,assentou
precariamente,se estabelecer
precipitado,adventista do s�timo dia
precipitado,apelo sexual
predat�rio,bomba sexual
dilema,S�mbolo sexual
pr� -julgamento,SexCenten�rio
preconceito,sensualidade
Preconceitos,Sexpot
prejudicial,sexual
premeditado,sexy
preocupar,SFX
absurdo,sgraffito
absurdamente,Shabash
presun�oso,Shabbat
presun�osamente,Shabbos
fingir,shalom
pretens�o,forma
pretensioso,mudan�a de forma
pretensiosamente,Shapeliness
prevaricar,bem torneado
caro,compartilhar
mais caro,Compartilhe
picada,afiado
picada,com recursos n�tidos
espinhos,de esp�rito n�tido
PridefulPrimitive,Direitos afiados
pris�o,mais n�tido
prisioneiro,mais n�tido
problema,nitidez
problem�tico,Sharpy
problemas,barbeador
procrastinar,Shazaam
procrastina,Shazam
procrastina��o,brilho
profano,Sheeniest
profanidade,Sheeny
proibir,puro
proibitivo,Shekhinah
proibitivamente,abrigo
propaganda,mudan�a
propagandizar,mudan�a
Propriet�rio,cintilante
processar,cintilantemente
protesto,cintilante
protestado,Shindig
protestando,Shindy
protestos,brilhar
prolongado,brilho
provoca��o,Shiner
provocante,Shine - Shining
provocar,brilhante
alavanca,bruscamente
pugnazious,brilhante
pugnazly,forma de navio
pugnacity,mostrar
soco,exibir-up-more-presente
punir,exibido
pun�vel,astuto
punitivo,Shrewdess
punk,t�mido
insignificante,vis�o
fantoche,Ateceramente
Puppets,significado
intrigada,significativo
perplexidade,significativamente
intrigante,silencioso
quack,prata
Qualm,simples
Declara��o,mais simples
dilema,mais simples
Quarrelquarrels,simplicidade
brig�o,simplificado
Quash,simplifica
queer,simplificar
question�vel,simplificando
Quible,simplesmente
Quibbles,sincero
peculiar,sinceramente
desistir,sinceridade
desistente,Sinew
raivoso,Sinewy
racismo,singular
racista,senhor
racistas,pai
atrevido,irm�
radical,irm�
radicaliza��o,consider�vel
radicalmente,tamanho
radicais,Sizzling
raiva,h�bil
esfarrapado,Torne�adamente
Raging,habilidade
trilho,especializado
Raked,h�bil
tumulto,capit�o
desenfreado,c�u alto
em ru�nas,SLAMMIN
rancor,lustroso
aleatoriamente,elegantemente
Rankle,Sleekness
Rant,elegante
reclamado,dormir
reclamando,dorme bem
reclama��es,delgado
estupro,liso
estuprado,Sloane
estuprando,Sloaney
patife,olhos de sloe
Rascals,festa do pijama
irrita��o na pele,frito
chocalho,alisar
abalado,inteligente
chocalhos,Smarten
devasta��o,mais esperto
delirante,o mais inteligente
reacion�rio,espertamente
rebelde,esperteza
repelir,esmagar
repreens�o,esmagando
recalcitrante,esmagadoramente
retrair,sorriso
recess�o,sorrisos
recess�o,sorridente
irrespons�vel,Silemente
Imprudentemente,Smitten
imprud�ncia,Smooch
recuo,Smoocher
Recouros,beijando
redund�ncia,Smoochy
redundante,smoodge
recusa,suave
recusar,mais suave
recusou,suaviza
recusa,mais suave
recusando,Smoothie
refuta��o,suavemente
refutar,foto
refutado,Snappy
refuta,Snazzly
refutando,Snazzent
regress�o,Snazzy
regress�o,Snod
regressivo,beijo
arrependimento,Snoot
arrependido,confort�vel
lamentavelmente,Encontrado
arrependimentos,retiro confort�vel
lament�vel,Apostando -se
lamentavelmente,aconchegar -se
lamentado,confortavelmente
rejeitar,conforto
rejeitado,Snugs
rejeitando,disparar
rejei��o,Soaraway
rejeita,Soarer
reca�da,alta
implac�vel,Soarlyingly
incansavelmente,s�brio
implac�vel,sobriedade
relut�ncia,soci�vel
relutante,soci�vel
relutantemente,social
remorso,parceiro social
arrependido,socializar
com remorso,socializa��o
sem remorso,socializar
sem remorso,Socializer
Ensura de Remortos,socializa��o
ren�ncia,socialmente
ren�ncia,Societal
repelir,macio
repetitivo,cora��o mole
repreens�vel,cora��o de cora��o
repreensivelmente,mais suave
repreens�o,suavemente
repreensivo,Soigne
reprimir,Sol
repress�o,consolo
repressivo,solar
reprimenda,Solatium
reprova��o,soldado de cristo
reprova��o,solene
reprova,Solemness
reprova��o,solenidade
repudiar,solenizar
rep�dio,Solemny
repugn�ncia,sol�cito
repugnante,sol�cito
repugnantemente,solicitude
repulsa,s�lido
repelido,solidariedade
repulsa,solid�ria
repulsivo,solidificar
repulsivamente,solidamente
repulsividade,filho do homem
ressentir -se,Songbird
ressentido,bonita e rechonchuda
ressentimento,acalma
ren�ncia,acalmar
resignado,suavizante
resist�ncia,Soonetamente
agitado,sofisticar
inquieta��o,sofisticado
restringir,sofisticado
restrito,desculpe
restri��o,classificado
restritivo,SOS
ressurgente,Soteriologia
retaliar,procurados
retaliat�ria,alma
retardar,alimento da alma
retardado,alma de alma
Retardas,comovente
reticente,com alma
retrair,alma g�mea
retiro,som
retirado,profundamente
vingan�a,solidez
vingativo,� prova de som
vingativo,parece bom
reverter,Kitchen
REVILE,sopa
Bunerado,preparado
revogar,lembran�a
revolta,soberano
revoltante,SovReign
revoltante,espa�o
Repuls�o,espa�oso
revulsivo,palmada
Rhapsodize,fagulha
ret�rica,brilhar
ret�rico,brilhos
Ricer,espumante
rid�culo,brilhante
rid�culos,ponta de lan�a
rid�culo,especial
ridiculamente,especialista
Rife,especialidade
Rift,especializar
brecha,especialmente
r�gido,espet�culo
rigidez,espetacular
rigidez,espetacularmente
irritar,velocidade
irritado,encontro rapido
rasgar,rapidamente
enganar,veloz
rasgado,soletrar
risco,Seearbind
riscos,fascinante
arriscado,fascinantemente
rival,fascinante
rivalidade,gastando dinheiro
bloqueios,especiaria
rochoso,Spicky-and-span
por conta pr�pria,apimentado
montanha russa,Spiff
podrid�o,Spiffing
podre,Spiffy
duro,Taindo da coluna
bobagem,esp�rito
rude,espirituoso
rue,espirituadamente
rufi�o,espiritual
babado,ordem espiritual
ru�na,espiritualmente
arruinado,SPLENDENT
arruinando,espl�ndido
ruinoso,esplendidamente
ru�nas,esplend�fero
Rumping,esplendiformemente
boato,esplendor
rumores,esplendor
Rumple,fazer alarde
atropelar,estragar
fugir,patrocinador
ruptura,espontaneidade
ferrugem,espont�neo
ferrugem,espontaneamente
oxidado,esporte
rotina,esportivo
impiedoso,esportivo
cruelmente,esportivo
crueldade,esportivamente
sulcos,esp�rito esportivo
sabotar,Esportivo
saco,ver
sacrificado,Spot-on
triste,impec�vel
triste,impe�ando
tristemente,Sprauncy
tristeza,alegre
SAG,Sprite
ca�do,brotar
flacidez,abrete
fl�cido,Grotou
Sags,Spry
Salaz,coragem
santimonioso,corajoso
seiva,quadrado
sarcasmo,Square-Meal
sarc�stico,escudeiro
sarcasticamente,sshhhh!
Sard�nico,estabilidade
sardonicamente,estabiliza��o
Sass,estabilizar
sat�rico,Estabiliz�vel
satirizar,est�bulo
selvagem,est�vel
Salvado,est�vel
selvageria,empilhado
selvagens,Stag-Night
escamoso,enrolado
fraude,Staid
golpes,inoxid�vel
esc�ndalo,estar sozinho
escandalizar,ficar de p�
escandalizado,Portador padr�o
escandaloso,padronizar
escandalosamente,aplaudido de p�
esc�ndalos,se destacarem
escasso,estrela
bode expiat�rio,estrela por si mesma
cicatriz,Star-spangled
escasso,Terado estrela
dificilmente,repleta de estrelas
escassez,estrela
susto,estrelado
assustado,estrelas
mais assustador,come�ar
mais assustador,estado
assustadoramente,Estado da arte
cicatrizado,imponente
cicatrizes,escultural
apavorante,estatura
Scathing,status
Scathingly,Ficante
Scathinglyscoff,firmemente
zombar,firmeza
repreenda,fique forte
repreendido,firme
repreens�o,firmemente
escaldante,firmeza
desprezo,mais firme
Desculpe,firmeza
com desprezo,est�vel
canalha,firmemente
flagelo,a�o
carranca,Steely
passeio,estelar
mexidos,estelarmente
mexem,est�ril
lutando,esterilizar
sucatear,Sterilse
arranhar,Sterling
arranhado,Sthenic
arranh�es,ainda
arranhado,estimulante
gritar,estimular
Screech,estimulado
estragar,estimula
parafusado,estimulante
estragado,estimula��o
Screwy,estimulador
Sabra,est�mulo
arranh�es,Bolso
escumalha,remunerado
Scummy,mexer
segunda classe,mexido
segundo n�vel,mexendo
secreto,emocionante
sedent�rio,Filler de meia
decadente,est�ico
Veja o,est�ico
fervendo,Stoked
Autocupe,impass�vel
autocr�tica,Hold Stong
autodestrutivo,Stonker
autodestrutivo,Stoosh
Auto-humilia��o,hist�rico
interesse pr�prio,cerveja preta
Interado auto-esterado,robusto
ego�sta,direto
self-selfishish,Straight flush
ego�sta,direto
ego�sta,endireitar
ego�smo,direto
semi-retardado,estrat�gico
senil,onda
sensacionalize,linha de fluxo
sem sentido,simplificado
sem sentido,rua-legal
gravidade,smart
Sermonize,em termos de rua
servid�o,Streetwise
configurar,for�a
rev�s,fortalecer
contratempos,extenuante
sever,passo
forte,batida
gravidade,impressionante
gasto,impressionantemente
sombrio,rigoroso
Shady,striping
sacudir,esfor�o
inst�vel,esfor�ando -se
raso,AVC
"farsa, falso",forte
Shambles,ponto forte
vergonha,palavras fortes
vergonhoso,mais forte
vergonhosamente,mais forte
vergonidade,fortemente
desavergonhado,viga
descaradamente,estudante
Desvers�o,estudioso
Tubar�o,estudiosamente
bruscamente,estudar
quebrar,Studmuffin
brilho,estudar
Shimmy,atordoar
naufr�gio,atordoado
Shirk,espl�ndido
Shirker,incrivelmente
merda,estupendo
arrepio,estupenda
choque,mais robusto
chocado,resistente
chocante,estilo
chocantemente,� moda
m� qualidade,elegantemente
curta,estilista
falta,estilizado
Shortchange,Suasivo
falha,suave
defici�ncias,suavely
falta de falta,sublime
m�ope,subsidiar
miopia,subsidiado
Confronto,subsidia
Tago,subs�dio
grito,substancial
estridente,substancialmente
Shrilly,substanciado
murchar,substantivo
mortalha,sutilize
envolto,sutiliza
dar de ombros,sutil
evitar,sutilmente
evitou,subvent
doente,subven��o
adoecer,ter sucesso
doentio,conseguiu
doentio,sucessor
doentio,sucesso
doen�a,consegue
desvio,sucesso
desviado,hist�ria de sucesso
cerco,sucessos
bobagem,bem-sucedido
simplista,com sucesso
simplista,sucinto
pecado,sucintamente
pecaminoso,suculenta
pecaminosamente,satisfazer
sinistro,suficiente
sinistra,basta
afundar,sufici�ncia
naufr�gio,suficiente
esqueletos,suficientemente
c�tico,a��car
c�tico,GMUMPLA��O DE ADODO
ceticicamente,terno
ceticismo,adequado
esbo�ado,adequadamente
Skimpy,pretendente
magrelo,Summa-cum-laude
Skittish,resumo
Sortidamente,sunttuidade
irritar,suntuoso
folga,sumptuosamente
cal�nia,suntuoso
caluniador,sol
difamado,"Beijado pelo sol, ensolarado"
calunicamente,tomar sol
cal�nias,Melhor domingo
tapa,Sunnyiness
cortando,ensolarado
massacre,luz do sol
abatido,Suntan
escravo,e a�?
escravos,super
desprez�vel,superabundante
lodo,de superabund�ncia
Slog,excelente
Sloged,soberbamente
Slagging,Supercal
esgotos,superconsciente
desleixado,superfino
desleixado,superfly
pregui�a,Super heroi
pregui�oso,sobre -humano
lento,superior
Movendo devagar,superioridade
desacelerou,superlativo
Mais devagar,Super homen
mais lento,superpot�ncia
devagar,flex�vel
lesma,fornecer
lerdo,apoiar
Bata,suportado
cair,apoiador
SLUR,Apoio
vagabunda,apoio
vagabundas,de apoio
Sly,apoio
Smack,apoia
pequeno,supremacia
esmagar,supremo
mancha,supremamente
cheiro,Supremo
cheirou,claro
cheiro,Sure fogo
cheira,com seguran�a
malcheiroso,garantia
Smelt,Surfie
fuma�a,superar
cortina de fuma�a,superar
SMOLD,surpreso
ardente,surreal
sufocar,sobreviv�ncia
mancha,sobreviver
borrado,sobrevivente
manchas,sustentar
manchando,sustentabilidade
presun�oso,sustent�vel
presun�oso,sustentado
Smut,sustento
Smuttier,Sustenta��o
Smutttttt,SVELTE
Smutty,Swag
Nag,Swagger
preso,Swaggy
correndo,Swain
correntes,Swank
Snappish,mais chique
insensivelmente,mais chique
la�o,chique
Snarky,Swaraj
rosnar,Swashbuckler
esgueirar-se,Swashbuckling
sorrateiramente,varrer
sorrateiro,varrendo
zombeteira,doce
desdenhar,Sweet-William
zombetentamente,ado�ar
esnobe,ado�ante
esnobe,querido
esnobe,docinho
esnobes,docinho-torta
desprezando,Docejando
Sab�o,docemente
solu�o,Do�ura
s�brio,inchar
s�brio,r�pido
solene,rapidez
solicitude,desmaio
sombrio,Swop
dolorido,simp�tico
muito,simpaticamente
dor,simpatizar
tristeza,simpatizante
triste,simpatia
tristemente,sincronizar
desculpe,sin�rgico
azedo,sinergia
azedo,sistem�tico
p�,Syzygy
palmada,Ta-da
vomitar,enfrentar
vomitado,tato
vomitar,tato
vomos,feito sob medida
derramamento,sob medida
solteirona,pegar
sem esp�rito,levar
Despeito,talento
maldoso,talentoso
maldamente,alto
mal -humorado,domar
Espirrar,tang�vel
dividir,picante
dividindo,atormentar
estragar,tentador
deteriora��o,de bom gosto
deteriora��o,saboroso
estragado,ensinado
estraga,Todo
assustado,ensinar
mais assustador,professor
mais assustador,ensino
assustadoramente,equipe
assustador,trabalho em equipe
alimentado com colher,temperado
Feed de colher,tenta��o
espor�dico,tentador
Spotty,sustent�vel
esp�rio,persistente
Scurn,arrendamento
Sputter,macio
brigando,de cora��o terno
briguento,ternura
desperdi�ar,maravilhoso
ab�bora,testamento
rangido,depoimento
Squeaks,testemunho
Squeaky,agradecer
guincho,obrigado
gritando,grato
gritos,agradecidamente
contorcer,agradecimento
facada,obrigado
estagnado,A��o de gra�as
estagnar,o
estagna��o,�nico
Staid,O-TIMATIMENTO
mancha,terap�utico
manchas,terapia
Stale,pensador
impasse,pensamento
parar,sede
barracas,minucioso
gaguejar,puro -sangue
debandada,completamente
parado,MUITO
r�gido,considerado
duramente,cuidadosamente
de sobressalto,Considera��o
surpreendente,pensamentos
surpreendentemente,emo��o
inani��o,entusiasmado
morrer de fome,filme de a��o
est�tico,emocionante
roubar,florescer
roubando,prosperando
rouba,trono
�ngreme,afirmativo
�ngreme,c�cegas
fedor,petisco
estere�tipo,limpo
estereotipado,Time consagrado
estereotipicamente,Eterno
popa,pontualidade
ensopado,oportuno
pegajoso,Tip-top
duro,incans�vel
rigidez,incansavelmente
sufocar,Titanis
sufocante,detentor do t�tulo
sufocantemente,TLC
estigma,TO-THE CORE
estigmatizar,hoje
picada,junto
picada,uni�o
picante,toler�ncia
avarento,tolerante
fedor,Dental
cheira mal,principal
indigesto,primeira classe
roubou,Melhor cachorro
roubado,no n�vel superior
Stooge,Top de linha
Stooges,alta prioridade
tormentoso,qualidade m�xima
desviar,de primeira linha
Straggler,superior
variedade,Toppers
tenso,cobertura
Striining,total
estranho,totalidade
estranhamente,tocar
estranho,tocado
mais estranho,tocando
estrangular,dif�cil
Streaky,marca comercial
extenuante,pioneiro
estresse,treinamento
tens�es,caracter�stica
estressante,tranquilo
estressantemente,tranq�ilidade
acometido,tranq�ilidade
estrito,transcender
estritamente,transcendental
estridente,transfixado
estridentemente,transformar
conflito,transforma��o
batida,transit�rio
rigoroso,transparente
rigorosamente,transp�cuo
chocado,tesouro
luta,tratar
lutou,tratamento
lutas,tremendo
lutando,Tremendo
suporte,tendendo
teimoso,TrendSetter
Teimosamente,na moda
teimosia,tribuna
preso,acionar
abafado,triunfo
trope�ar,triunfante
trope�ou,triunfantemente
trope�os,Soldado
toco,trof�u
perplexo,Trove
tocos,verdadeiro
atordoar,azul verdadeiro
fa�anha,verdadeiro de cora��o
atrofiado,amor verdadeiro
est�pido,True-Lovers-Knot
mais est�pido,verdadeiramente
estupidez,confiar
estupidamente,confi�vel
estupor,confiando
gaguejar,confiabilidade
gaguejada,confi�vel
engasgando,fiel
Grea,verdade
chiqueiro,verdadeiro
bloqueado,sinceramente
sub-par,Verdadeira
subjugado,tentar
submetido,mensalidade
sujei��o,afina��o
subjugar,Tuneful
subjuga��o,cintila��o
submisso,cintilando
subordinar,magnata
intima��o,Uber
intima��o,Uberty
subservi�ncia,onipresente
subserviente,onipresente
abaixo do padr�o,Ubuntu
subtrair,uh-hu
subvers�o,uhuh
subversivo,final
subversivamente,em �ltima an�lise
subverter,Ultima��o
sucumbir,ultra
chupar,Ultra-Crisp
sugado,Ultraprecise
ot�rio,ousado
� uma merda,descaradamente
Sofky,n�o adulterado
processar,n�o afetado
processado,inalteradamente
Sues,destemido
sofrer,n�o ligado
sofreu,inequ�voco
sofredor,inequivocamente
pacientes,UNANCHOR
Sofrimento,un�nime
sofre,indiscut�vel
sufocar,inatac�vel
a��car,modesto
com cobertura de a��car,Uncalhado
a�ucarado,insuportavelmente
suicida,Imbat�vel
suic�dio,invicto
Molak,inacass�vel
Molen,inacredit�vel
manchar,inacreditavelmente
Sunder,UNLIGNUMB
afundado,unberden
afundado,BIAS
superficial,imparcial
superficialidade,desenhado
superficialmente,sem m�cula
sup�rfluo,ilimitado
supersti��o,inquebr�vel
supersticioso,ininterrupto
suprimir,desafogar
supress�o,incomum
render,descomplicado
suscet�vel,incondicional
suspeito,incondicionalmente
suspeita,n�o confundido
suspeitas,incontest�vel
suspeito,n�o convencional
suspeito,n�o corrompido
Swagger,descobrir
inundado,acr�tico
suado,acriticamente
inchado,sem danos
incha�o,Indens�vel
Flugle,Destemido
deslize,invicto
inchado,imaculado
sintoma,ineg�vel
sintomas,inegavelmente
s�ndrome,sob
tabu,sob controle
brega,resumido
Taint,Underfong
contaminado,entender
adultera��o,compreens�vel
Tangle,entendimento
emaranhado,compreensivamente
emaranhados,discreto
tanque,entendido
tanque,empreender
tanques,segurador
birra,indesejante
Tardy,n�o
manchar,indiscut�vel
manchado,indisputado
manchas,indiscutivelmente
manchando,n�o perturbado
esfarrapado,Individido
provoca��o,sem d�vida
provocando,sem d�vida
prov�vel,imortal
provoca��es,n�o onerado
Todo,inigual�vel
Tawdry,inigual�vel
taxa��o,inequ�voco
provocar,inequivocamente
teasamente,infal�vel
tedioso,infalivelmente
tediosamente,infal�vel
temeridade,infalivelmente
temperamento,infal�vel
tempestade,infal�vel
tenta��o,imperturb�vel
ternura,n�o fingido
tenso,Desapontamento
tens�o,sem restri��es
Tentativa,incans�vel
tentativamente,sem gra�a
t�nue,imperturb�vel
tenuosamente,implic�vel
morno,desdobrar
Terr�vel,inesquec�vel
terribilidade,Ungurcging
terrivelmente,de maneira ingrata
aterrorizante,sem chamado
terror,ileso
terror-geral,sem hesitar
terrorismo,sem pressa
aterrorizar,ileso
testemuvelmente,ileso
irrit�vel,unifica��o
raramente,unificado
Tetchy,unificar
mal agradecido,UMIPAIRADO
o,Introc�vel
mais espesso,desimpedido
sede,Uni�o
espinhoso,exclusivo
Impensado,unicamente
sem pensar,singularidade
Impensa,unir
lixo,unido
amea�a,unidade
amea�ar,universal
amea�ador,universalmente
amea�as,universo
tr�s,ilimitado
pulsar,incompar�vel
palpitada,inconfund�vel
latejando,n�o mitigado
palpita,imacul�vel
acelerar,Debstru�do
bandido,discreto
Thumb-Down,sem oposi��o
polegares para baixo,inigual�vel
frustro,sem precedente
demorado,despretensioso
t�mido,inquestion�vel
timidez,inquestionavelmente
timidamente,irreal
pequeno,n�o refutado
formigado,implac�vel
formigamento,sem reservas
cansado,irrestrito
cansativo,incompar�vel
cansativo,sem problemas
tirrinamente,altru�sta
labuta,desinteressadamente
ped�gio,inabal�vel
mais pesado,inabal�vel
derrubar,intocado
tormento,intocado
atormentado,Impar�vel
torrente,impar�vel
tortuoso,im�vel
tortura,insuper�vel
torturado,n�o escrito
torturas,Impultando
torturar,intoc�vel
torturante,intocado
torturadamente,sem ruta��o
totalit�rio,incomum
melindroso,in�til
dureza,inabal�vel
tout,desenrolar
elogiado,inflex�vel
elogios,acima
t�xico,promissor
difamar,antecipadamente
trag�dia,com n�vel superior
tr�gico,atualizado
tragicamente,Atualmente
traidor,melhorar
traidor,otimista
traidor,upcheer
vagabundo,por vir
atropela,upcycle
transgredir,Atualizada
transgress�o,antecipadamente
armadilha,Atualiz�vel
encurralado,atualizar
lixo,atualiz�vel
destru�do,atualizado
in�til,confirmado
trauma,defender
traum�tico,defender
traumaticamente,elevar
traumatizar,elevado
traumatizado,inspirador
Travesties,edificante
farsa,eleva��o
trai�oeiro,OUPPERMOST
trai�oeiramente,na vertical
trai��o,verticalmente
trai��o,retid�o
traidora,de luxo
truque,Upskill
enganado,Upstand
truques,destacado
complicado,para cima
trivial,para cima
trivialize,urbano
dificuldade,urbano
perturbado,utiliz�vel
encrenqueiro,usar
problemas,utiliz�vel
problem�tico,�til
problemas,de forma �til
preocupante,utilidade
preocupantemente,amigo do usu�rio
Truant,substitu�vel pelo usu�rio
tumble,geralmente
caiu,utilizado
tocas,utilizar
tumultuado,m�ximo
turbulento,utopia
turbul�ncia,ut�pico
tor��o,total
torcido,uxorioso
tor��es,v.i.p
duas caras,VA-VA-VOOM
duas Caras,orador oficial
tir�nico,namorados
tiranicamente,valente
tirania,bravamente
tirano,v�lido
eca,validar
mais feio,validade
mais feio,valentia
fei�ra,valorizar
feio,valoroso
oculto,de valor
ultimato,valor
ultimatos,valorizado
Ultra-Hardline,Vantagem
N�o vis�vel,variegado
imposs�vel,variedade
inaceit�vel,variadamente
inaceitavelmente,grande
n�o acostumado,muito
inating�vel,cofre
inacess�vel,vegetar
desagrad�vel,veemente
pouco atraente,veementemente
n�o aut�ntico,vener�vel
indispon�vel,venerar
inevit�vel,venera��o
insuport�vel,ventila��o
inacredit�vel,risco
inacreditavelmente,venturesome
Income,verioso
incerto,veracidade
incivil,verdejante
n�o civilizado,verdura
imundo,verifica��o
pouco claro,verificado
Incollect�vel,verificar
desconfort�vel,em verdade
inconfortavelmente,versatalidade
desconfortavelmenteCompetitivo,vers�til
n�o-competitivo,versado
intransigente,vertiginoso
intransigentemente,verve
n�o confirmado,muito
inconstitucional,colete
descontrolado,vestal
pouco convincente,veterano
pouco convincente,vi�vel
n�o cooperativo,vibrante
rude,vibra��o
sem criatividade,vencedor
indeciso,vitorioso
indefinido,vit�ria
indexabilidade,Vigil�ncia
Independente,vigor
Undercut,vigoroso
Undercuts,vigorosamente
subcota��o,vigor
Underdog,vim
subestimar,vindicar
subordinados,vintage
minar,viril
prejudicado,virilidade
prejudica,virtude
prejudicando,virtuosismo
mal pago,virtuoso
com pouca pot�ncia,virtuoso
tamanho inferior,vis�vel
indesej�vel,vis�o
indeterminado,vision�rio
UMID,Visita
indigno,visualizaton
n�o dissolvido,visualizar
sem documentos,vital
desfeito,vitalidade
indevido,vitalizar
desconforto,vitalmente
dificilmente,Viva
inquieta��o,Vivace
inquieto,vivaz
n�o econ�mico,vivacidade
desempregado,vive
desigual,v�vido
Anti�tico,vividamente
desigual,vocal
sem interc�mbio,volume
inesperado,volunt�rio
inesperadamente,voluptuoso
inexplic�vel,voluptuosidade
injusto,Vonte
injustamente,v�rtice
infiel,devoto
infelizmente,ASSUMO
desconhecido,juramento
desfavor�vel,viagem
insens�vel,maluco
inacabado,maldade
impr�prio,maluco
imprevisto,waft
implac�vel,abanar
infeliz,remunera��o
infelizmente,Brigada
infundado,desanimado
hostil,Waggishly
n�o realizado,Waggishness
n�o financiado,vigilante
ingovern�vel,vigilante
ingrato,vig�lia
infeliz,Walfarism
infelicidade,vit�ria f�cil
infeliz,Wallflower
pouco saud�vel,Wandering
in�til,desejo de viajar
unilateralismo,querer
inimagin�vel,desejado
inimaginavelmente,devassa
sem import�ncia,Noiva de guerra
desinformado,grito de guerra
sem seguro,dan�a de guerra
inintelig�vel,esquentar
Unipolar,de sangue quente
injusto,Caloso
injustific�vel,aquecimento
injustificadamente,mais quente
injustificado,calorosamente
injustamente,cordialidade
cruel,mandado
indisciplinado,guerreiro
desconhecido,lavar
"desconhecido,",Wassail
ilegal,assistir
ilegalmente,assist�vel
ilegalidade,vigilante
desencadear,aceno
sem licen�a,caminho
improv�vel,Kneed-jovial
azarado,fortuna
impass�vel,pr�spero
n�o natural,� prova de intemp�ries
n�o natural,casamento
desnecess�rio,banda de casamento
desnecess�rio,Roupa de casamento
Inervo,bolo de casamento
ENERMADO,marcha nupcial
desviador,anel de noivado
irrivelmente,casamento
despercebido,pesado
n�o observado,Bem-vindo
n�o ortodoxo,bem -vindo
Uncodoxia,acolhedor
desagrad�vel,bem-estar
impopular,estado social
imprevis�vel,bem
despreparado,bem ajustado
improdutivo,bem aconselhado
n�o lucrativo,bem nomeado
n�o comprovado,bem equilibrado
n�o comprovado,bem-comportado
n�o qualificado,bem-estar
desvendar,bem nascido
desvendado,bem-educado
inacess�vel,bem conectado
ileg�vel,bom trabalho
irrealista,merecido
irracional,bem-educado
irracionalmente,bem dotado
implac�vel,bem estabelecido
implac�vel,bem-aventurado
falta de confiabilidade,bem-sucedido
n�o confi�vel,bem fundamentado
n�o resolvido,bem fundamentado
sem resposta,bem guardado
agita��o,bem informado
indisciplinado,bem-intencionado
inseguro,bem unido
insatisfat�rio,bem conhecido
desagrad�vel,Muito apreciado
sem escr�pulos,bem feito
sem escr�pulos,bem gerenciado
inseguro,bem-educado
indecoroso,bem-intencionado
perturbado,bem-sucedido
inst�vel,bem oleado
perturbador,bem-sucedido
perturbadoramente,bem posicionado
desagrad�vel,bem preservado
n�o qualificado,bem-lida
n�o sofisticado,bem recebido
doentia,bem visto
indiz�vel,bem equilibrada
n�o especificado,bem administrado
inst�vel,bem gasto
inst�vel,bem dito
instabilidade,pr�spero
inst�vel,bem tentado
mal sucedido,bem virado
sem sucesso,bem-sucedido
n�o suportado,bem -estar
sem apoio,bem-estar
inseguro,fonte
desavisado,bem -estar
insustent�vel,Whacky
insustent�vel,de jeito nenhum
n�o testado,germe do trigo
impens�vel,Whee
impens�vel,Afeta
prematuro,whet
intocado,Whim-Wham
UNDOWARD,caprichoso
falso,faxicalidade
n�o confi�vel,caprichosamente
invers�o,capricho
inutiliz�vel,chicote
inundavelmente,sussurrar
incomum,branco
incomumente,Natal branco
indesejado,Whiz
injustificado,Uau
inassist�vel,todo
indesej�vel,sincero
indisposto,de todo o cora��o
INCLOLOLEDE,saud�vel
Palestro,completamente
n�o querer,grito
sem querer,whoopee
falta de vontade,Whopper
imprudente,enorme
impr�prio,largo
impratic�vel,totalmente acordado
indigno,olho largo
inflex�vel,olhos arregalados
ABRIBRAID,Wieldy
revolta,selvagem
revolta,curinga
tumulto,vai
barulhento,desejada
Uproariosamente,disposto
desenraizando,de boa vontade
chateado,disposi��o
transtornos,for�a de vontade
perturbador,ganhar
perturbadoramente,Sempeal
urgente,janela
in�til,� prova de vento
usurpar,piscar
usurpador,Ganh�vel
totalmente,ganhador
vagabundo,vencedores
vago,ganhando
imprecis�o,vence
v�o,Cabe�a
em v�o,conectado
vaidade,sabedoria
veemente,s�bio
veementemente,sabiamente
vingan�a,desejar
vingativo,Lista de Desejos
vingan�a,sagacidade
vingan�a,com
veneno,suportar
venenosa,Witticismo
venenosamente,Witting
ventila��o,inteligente
vest�gios,Wiz
VEX,Wizadry
vexa��o,mago
irritante,WLTM
irritantemente,mulher
vibrar,Momanismo
vibrado,ganho
vibra,maravilha
vibrando,maravilhoso
vibra��o,maravilhosamente
v�cio,imaginando
vicioso,pa�s das maravilhas
viciosamente,admira��o
Viciosidade,maravilhas
v�tima,maravilhados
vil,maravilhoso
vileza,maravilhosamente
Difamar,Woo
vil�o,palavra
vil�o,Perfecto de palavra
vil�es,palavra
vingativo,palavras
vindictivamente,trabalhar
vingan�a,�tica de trabalho
violar,visto de trabalho
viola��o,vi�vel
infrator,Gambiarra
Violadores,trabalhado
violento,cavalo de trabalho
violentamente,Colega de trabalho
v�bora,dar certo
virul�ncia,funciona
virulento,Mundial-morcedor
virulentamente,classe mundial
v�rus,famoso mundialmente
Vocifera,ranking mundial
vociferly,mundano
vol�til,em termos mundanos
volatilidade,adorar
vomitar,ador�vel
vomitado,adorado
vomitando,adorador
v�mitos,adora��o
vulgar,valor
vulner�vel,Vale a pena
lamento,valor
chafurdar,que vale a pena
Wane,valioso
minguante,WOTCHA
devassa,seria
como guerra,uau
cautelosamente,impressionado
cautela,impressionando
bel�vel,Wows
avisou,Wunderkind
aviso,Wunderkinder
urdidura,fator X
distorcido,Xaern
cauteloso,Xanadu
lavado,Xengogue
desperd�cio,acolhedor
desperdi�ado,xenium
desperd�cio,xenodochial
desperd�cio,Xenodochy
desperdi�ar,Xenoglossia
d'�gua,Xenolalia
aguado,xenomania
rebelde,Xen�filo
fraco,Xenofilia
enfraquecer,fator X
enfraquecimento,xiexie
mais fraco,abra�os e beijos
fraqueza,xyresic
fraquezas,Yaba-daba-do
cansa�o,Yahoo
cansativo,iaque
cansado,Yang
cunha,yap
erva,Yare
lamentar,fio
esquisito,yay
estranhamente,sim
Wheedle,sim
choramingar,ansiar
lamentar,anseio
choramingando,Yee-Haw
chor�o,gritar
chicotes,sim
Whipswicked,yern
prostituta,sim
prostitutas,colheita
malvado,yift
perversamente,yip
maldade,Yippee
selvagem,yo
descontroladamente,Yock
Wiles,Yodel
murcha,ioga
astuto,jugo
Wimpy,YOLO
Vince,voc�
oscilante,jovem
balan�ou,jovens no cora��o
oscilante,sangue Jovem
Ai,Jovem arma
Woebegone,jovem
lament�vel,jovem
lamentavelmente,Younker
mulherengo,seu
mulherengo,juventude
desgastado,jovem
preocupado,Juventude
preocupado,Yugen
preocupante,yum
preocupa��es,delicioso
preocupante,mam�e gostosa
preocupar,Yummylicious
preocupante,sim
preocupantemente,yuppie
pior,Zaddik
piorar,zaftig
piora,Zany
pior,Zappy
in�til,Zardozi
valor sem valor,Zarzuella
inutilidade,Zazzy
ferimento,zelo
ferimentos,zeloso
disputando,zen
f�ria,z�nite
Wreak,Zephyr
causou,zero
Wreaks,entusiasmo
naufr�gio,Zesto
lutar,picante
lutar,Zilh�o
miser�vel,Zing
miser�vel,Zinger
sem minuciosamente,Si�o
miser�vel,fecho eclair
ruga,Zipless
enrugado,Zippily
rugas,Zippiness
contorcer,Zippy
errado,zoftig
il�cito,amplia��o
incorretamente,zorbing
forjado,Zouk
Xanthoma,Zounds
xenofobiaxirida,Zowie
xen�fobo,
xerose,
xilofone,
Yawnyeasty,
Yokelish,
nojento,
iugoslav,
iugoslava,
Zabernismo,
Zaffre,
Zanyismo,
Zap,
Zapata,
Zapped,
Zaps,
fan�tico,
zeloso,
zelosamente,
Zelatrix,
zenana,
Zephyr,
zero,
zol,
zumbi,
